TituloNacional,Titulo,Distribuidor,Estreia,Origem,Genero,ClassificacaoEtaria,SalasAbertura, Renda, Publico,   ,
O que te faz mais forte,Stronger,Paris,2/8/2018,EUA,Drama,,0,  3.625 ,  331 ,   ,
Me chame pelo seu nome,Call me by your name,Sony,1/18/2018,França/ Itália,Drama,14,0,  1.273 ,  82 ,   ,
Lou,Lou Andreas Salomé,Cineart Filmes,1/11/2018,Alemanha,Biografia,16,0,  1.229 ,  78 ,   ,
Jumanji: Bem-vindo à selva,Jumanji - Welcome to the jungle,Sony,1/4/2018,EUA,Ação,12,935,  3.452.600 ,  211.434 ,   ,
The square - A arte da discórdia,The square,Pandora,1/4/2018,Suécia/ Alemanha/ Noruega/ França,Comédia,14,26,  9.959 ,  586 ,   ,
120 batimentos por minuto,120 battements par minute,Imovision,1/4/2018,França,Drama,16,22,  2.992 ,  191 ,   ,
"Sequestro, O",Kidnap,H2O Films,9/21/2017,EUA,Thriller,14,201,  853.591 ,  62.845 ,   ,
2:22 - Encontro marcado,2:22,Playarte,9/7/2017,EUA/Austrália,Thriller,12,85,  490.791 ,  30.943 ,   ,
"Acampamento, O",Killing Ground,Cineart Filmes,8/31/2017,Austrália,Thriller,16,16,  32.192 ,  2.150 ,   ,
Jogos mortais - Jigsaw,Jigsaw,Paris,11/30/2017,EUA,Terror,18,514,  9.435.770 ,  630.785 ,   ,
Screamers,Screamers,Cineart Filmes,11/30/2017,Ucrânia/ Holanda,Terror,14,5,  4.087 ,  348 ,   ,
"Noiva, A",Hebecta,Paris,11/2/2017,Russia,Terror,12,271,  4.364.290 ,  314.444 ,   ,
Além da morte,Flatliners,Sony,10/19/2017,EUA,Terror,14,435,  3.184.540 ,  242.171 ,   ,
"Morte te dá parabéns, A",Happy death day,Universal,10/12/2017,EUA,Terror,14,557,  13.705.800 ,  1.014.940 ,   ,
Sono Mortal,[Dead awake,Europa,9/28/2017,EUA,Terror,14,50,  86.416 ,  8.376 ,   ,
Amityville - o despertar,Amityville,Paris,9/14/2017,EUA,Terror,14,294,  2.225.980 ,  173.238 ,   ,
It - A coisa,It,Warner,9/7/2017,EUA,Terror,16,863,  62.061.000 ,  4.451.312 ,   ,
Annabelle 2 - A criação do mal,Annabelle 2,Warner,8/17/2017,EUA,Terror,14,1255,  40.566.100 ,  2.980.561 ,   ,
Ao cair da noite,It Comes at Night,Diamond Films,6/22/2017,EUA,Terror,14,80,  572.233 ,  38.274 ,   ,
Corra!,Get Out,Universal,5/18/2017,EUA,Terror,14,444,  5.672.670 ,  382.879 ,   ,
Fragmentado,Split,Universal,3/23/2017,EUA,Terror,14,615,  15.189.800 ,  1.011.384 ,   ,
Assassinato no Expresso do Oriente,Murder on the Orient Express,Fox,11/30/2017,EUA,Suspense,12,362,  16.738.300 ,  1.005.730 ,   ,
Lamparina da aurora,v,Lume,11/30/2017,Brasil,Suspense,14,8,  4.148 ,  341 ,   ,
Boneco de neve,The snowman,Universal,11/23/2017,Reino Unido,Suspense,16,39,  948.575 ,  45.187 ,   ,
Quando o galo cantar pela terceira vez renegarás tua mãe,Quando o galo cantar pela terceira vez renegarás tua mãe,Elo Company,11/23/2017,Brasil,Suspense,16,3,  1.689 ,  116 ,   ,
Mulholland Drive - Cidade dos sonhos,Mulholland Dr.,Zeta Filmes,11/2/2017,EUA,Suspense,16,8,  36.551 ,  2.997 ,   ,
Deserto (MEX),Desierto,Esfera,10/26/2017,México,Suspense,16,0,  67.468 ,  4.435 ,   ,
"Fantasma da Sicília, O",Sicilian ghost story,Pandora/ Alpha,9/28/2017,Itália/ França,Suspense,14,6,  66.124 ,  4.383 ,   ,
Assassino - O primeiro alvo,American Assassin,Paris,9/21/2017,EUA,Suspense,16,300,  2.314.960 ,  167.953 ,   ,
"Jantar, O",The dinner,California,9/7/2017,EUA,Suspense,16,24,  357.582 ,  20.265 ,   ,
"Circulo, O",The Circle,Imagem,6/22/2017,EUA,Suspense,12,413,  8.317.840 ,  475.257 ,   ,
"Rastro, O","Rastro, O",Imagem,5/18/2017,Brasil/ EUA,Suspense,14,327,  1.187.520 ,  90.486 ,   ,
Paixão obsessiva,,Warner,4/20/2017,EUA,Suspense,14,123,  856.541 ,  53.216 ,   ,
Personal Shopper,Personal Shopper,Imovision,3/9/2017,Alemanha/ França,Suspense,14,25,  164.634 ,  12.085 ,   ,
Dominação,Incarnate,Playarte,1/5/2017,EUA,Suspense,14,223,  2.058.990 ,  143.460 ,   ,
Love Film Festival,Love Film Festival,Art House Movies,7/27/2017,Brasil,Romance,16,14,  29.927 ,  2.143 ,   ,amaro
Paris pode esperar,Paris Can Wait,California,6/8/2017,EUA,Romance,12,47,  2.248.680 ,  117.638 ,   ,
Neve negra,Nieve negra,Paris,6/8/2017,Argentina/ Espanha,Romance,14,66,  1.579.060 ,  86.301 ,   ,
"Bela e a Fera, A",Beauty and the Beast,Disney,3/16/2017,EUA,Romance,10,1399,  130.098.000 ,  8.309.801 ,   ,
La la Land - Cantando estações,La la Land,Paris,1/19/2017,EUA,Romance,livre,326,  23.583.800 ,  1.383.112 ,   ,
Feito na América,American made,Universal,9/14/2017,EUA,Policial,16,534,  8.985.670 ,  554.772 ,   ,
Polícia Federal - A lei é para todos,Polícia Federal - A lei é para todos,DTF/Paris,9/7/2017,Brasil,Policial,12,794,  21.702.400 ,  1.383.878 ,   ,
"Lei da noite, A",Live by Night,Warner,2/23/2017,EUA,Policial,14,93,  769.402 ,  44.420 ,   ,
Detetives do prédio azul,Detetives do prédio azul,DTF/Paris,7/20/2017,Brasil,Infantil,livre,515,  16.085.900 ,  1.219.470 ,   ,
Saltimbancos Trapalhões,Saltimbancos Trapalhões,DTF/Paris,1/19/2017,Brasil,Infantil,14,197,  1.160.900 ,  96.442 ,   ,
7 desejos,Wish upon,Imagem,7/27/2017,EUA,Horror,14,352,  3.433.070 ,  251.496 ,   ,
"Autópsia, A",The Autopsy of Jane Doe,Diamond Films,5/4/2017,Reino Unido/ EUA,Horror,14,252,  2.981.190 ,  211.941 ,   ,
"Cura, A",A Cure for Wellness,Fox,2/16/2017,Alemanha/ EUA,Horror,16,203,  1.473.430 ,  107.471 ,   ,
"Chamado 3, O ",Rings,Paramount,2/2/2017,EUA,Horror,14,611,  20.936.100 ,  1.528.477 ,   ,
Na mira do atirador,The wall,H2O Films,8/24/2017,EUA,Guerra,14,104,  561.592 ,  33.306 ,   ,
Blade runner 2049,Blade runner 2049,Sony,10/5/2017,EUA,Ficção-científica,14,723,  17.090.700 ,  907.145 ,   ,
"Guardiões, Os",Zashchitniki,Paris,8/31/2017,Russia,Ficção-científica,12,131,  769.517 ,  58.119 ,   ,
Valerian e a cidade dos mil planetas,Valerian and the city of a thousand planets,Diamond Films,8/10/2017,França,Ficção-científica,12,833,  7.825.960 ,  509.391 ,   ,
Colossal,Colossal,Paris,6/15/2017,Canadá,Ficção-científica,12,22,  73.473 ,  3.966 ,   ,
Vida,Life,Sony,4/20/2017,EUA,Ficção-científica,14,262,  5.330.410 ,  313.426 ,   ,
"Espaço entre nós, O",The space between us,Diamond Films,3/30/2017,EUA,Ficção-científica,12,119,  586.076 ,  41.874 ,   ,
"Homem que caiu na Terra, O",The Man Who Fell to Earth,Zeta Filmes,1/12/2017,EUA/ Reino Unido,Ficção-científica,12,12,  48.142 ,  3.846 ,   ,
Passageiros,Passengers,Sony,1/5/2017,EUA,Ficção-científica,12,676,  22.344.200 ,  1.300.496 ,   ,
Encantados,Encantados,Riofilme,12/7/2017,Brasil,Fantasia,14,9,  44.208 ,  3.625 ,   ,
Roda gigante,Wonder wheel,Imagem,12/28/2017,EUA,Drama,12,121,  738.679 ,  36.973 ,   ,
"Jovem Karl Marx, O",Le jeune Karl Marx,California,12/28/2017,França/Alemanha/Bélgica,Drama,14,8,  56.096 ,  2.837 ,   ,
Bye bye Jaqueline,Bye bye Jaqueline,Lança Filmes,12/28/2017,Brasil,Drama,livre,7,  966 ,  62 ,   ,
"Rei do show, O",The greatest showman,Fox,12/25/2017,EUA,Drama,12,462,  4.508.650 ,  284.453 ,   ,
Suburbicon - Bem-vindos ao paraíso,Suburbicon,Diamond Films,12/21/2017,EUA,Drama,16,77,  406.481 ,  23.006 ,   ,
Corpo e alma,A teströl és lélekröl,Imovision,12/21/2017,Hungria,Drama,18,15,  101.228 ,  6.159 ,   ,
"Poder e o impossível, O",6 below - Miracle on the mountain,Imagem,12/14/2017,EUA,Drama,14,77,  274.434 ,  17.376 ,   ,
Mulheres divinas,Die göttliche ordnung,Mares Filmes,12/14/2017,Suíça,Drama,14,15,  76.492 ,  5.189 ,   ,
Professor Marston e as Mulheres-Maravilhas,Professor Marston & the Wonder-Women,Sony,12/14/2017,EUA,Drama,16,12,  71.128 ,  4.212 ,   ,
Jesus - A esperança,Jesus - A esperança,Moro Filmes,12/14/2017,Brasil,Drama,12,4,  22.942 ,  2.129 ,   ,
Extraordinário,Wonder,Paris,12/7/2017,EUA,Drama,10,878,  52.893.500 ,  3.787.134 ,   ,
Lucky,Lucky,Imovision,12/7/2017,EUA,Drama,14,9,  90.169 ,  5.857 ,   ,
Em busca de Fellini,In Search of Fellini,Cineart Filmes,12/7/2017,EUA,Drama,14,26,  76.829 ,  4.998 ,   ,
Verão 1993,Estiu 1993,Supo Mungam Films,12/7/2017,Espanha,Drama,12,14,  76.019 ,  5.065 ,   ,
"Bela da tarde, A",Belle de jour,Zeta Filmes,12/7/2017,França,Drama,14,5,  17.361 ,  1.215 ,   ,
Thelma,Thelma,Mares Filmes,11/30/2017,Noruega,Drama,16,19,  79.065 ,  5.454 ,   ,
Cromossomo 21,Cromossomo 21,Espaço Filmes,11/30/2017,Brasil,Drama,10,12,  50.778 ,  3.679 ,   ,
Antes o tempo não acabava,Antes o tempo não acabava,Livres Filmes,11/30/2017,Brasil,Drama,16,10,  16.814 ,  1.308 ,   ,
Patti Cake$,Patti Cake$,RT Features,11/30/2017,EUA,Drama,16,5,  6.117 ,  381 ,   ,
Yvone Kane,Yvone Kane,Bretz Filmes,11/30/2017,Brasil/ Portugal,Drama,12,3,  2.422 ,  161 ,   ,
Não devore meu coração,Não devore meu coração,Fênix Filmes,11/23/2017,Brasil,Drama,14,78,  105.872 ,  7.477 ,   ,
Por que vivemos,Naze ikiru - Rennyo shonin to yoshizaki enjo,Espaço Filmes,11/23/2017,Japão,Drama,12,14,  94.896 ,  7.184 ,   ,
Ninguém está olhando,Nadie nos mira,Vitrine,11/23/2017,Argentina/ Brasil,Drama,14,6,  77.946 ,  5.302 ,   ,
Barreiras,Barrage,Pandora,11/23/2017,Luxemburgo / Bélgica,Drama,12,7,  33.547 ,  2.238 ,   ,
"Filosofia na alcova, A","Filosofia na alcova, A",Satyros Cinema,11/23/2017,Brasil,Drama,não encontrado,1,  11.985 ,  805 ,   ,
Victoria e Abdul - O confidente da rainha,Victoria and Abdul,Universal,11/16/2017,EUA/ Reino Unido,Drama,10,62,  2.180.170 ,  109.203 ,   ,
"Razão para viver, Uma",Breathe,Diamond Films,11/16/2017,Reino Unido,Drama,12,86,  581.396 ,  32.538 ,   ,
Histórias de amor que não pertencem a este mundo,Amori che non sanno stare al mondo,Mares Filmes,11/16/2017,Itália,Drama,16,25,  131.403 ,  9.011 ,   ,
"Trama, A",L'atelier,Esfera,11/16/2017,França,Drama,12,15,  54.757 ,  3.640 ,   ,
Colo,Colo,Zeta Filmes,11/16/2017,Portugal,Drama,14,2,  3.754 ,  550 ,   ,
Borg vs McEnroe,Borg / McEnroe,Supo Mungam Films,11/9/2017,Suécia,Drama,12,26,  135.170 ,  7.377 ,   ,
Vazante,Vazante,Europa,11/9/2017,Brasil,Drama,14,24,  134.978 ,  9.084 ,   ,
Invisível,Invisible,Vitrine,11/9/2017,Argentina/ Brasil,Drama,16,26,  64.138 ,  7.194 ,   ,
Na praia à noite sozinha,On the beach at night alone,Zeta Filmes,11/5/2017,Coréia do Sul,Drama,14,3,  14.166 ,  1.497 ,   ,
Depois daquela montanha,The mountain between us,Fox,11/2/2017,EUA,Drama,12,247,  7.752.210 ,  443.258 ,   ,
Gabriel e a montanha,Gabriel e a montanha,Bretz Filmes,11/2/2017,Brasil,Drama,14,79,  649.137 ,  39.234 ,   ,
Em busca de vingança,Aftermath,H2O Films,11/2/2017,Espanha/ Reino Unido,Drama,14,23,  132.885 ,  8.742 ,   ,
Mark Felt - O homem que derrubou a Casa Branca,Mark Felt,Diamond Films,10/26/2017,EUA,Drama,10,42,  695.817 ,  32.520 ,   ,
Manifesto,Manifesto,Mares Filmes,10/26/2017,Austrália,Drama,12,26,  225.176 ,  14.464 ,   ,
"Guerra dos sexos, A",Battle of the sexes,Fox,10/19/2017,Reino Unido,Drama,12,27,  355.655 ,  18.072 ,   ,
Bom comportamento,Good time,Paris,10/19/2017,EUA,Drama,16,30,  225.257 ,  13.672 ,   ,
"Razão para recomeçar, Uma",New life,Cineart Filmes,10/19/2017,EUA,Drama,10,55,  131.954 ,  10.148 ,   ,
Entre irmãs,Entre irmãs,Sony,10/12/2017,Brasil,Drama,14,99,  930.632 ,  58.194 ,   ,
"Menina índigo, A","Menina índigo, A",Film Connection,10/12/2017,Brasil,Drama,livre,42,  606.097 ,  43.552 ,   ,
Detroit em rebelião,Dettroit,Imagem,10/12/2017,EUA,Drama,16,44,  211.764 ,  11.271 ,   ,
El Amparo,El Amparo,Pandora,10/12/2017,Venezuela,Drama,12,1,  6.968 ,  517 ,   ,
"Advogado, O",Byeon-ho-in,Contents 360,10/12/2017,Coréia do Sul,Drama,14,1,  2.166 ,  117 ,   ,
Mãe!,"mother!, ",Paramount,9/21/2017,EUA,Drama,16,332,  8.166.980 ,  517.179 ,   ,
Rodin ,Rodin,Mares Filmes,9/21/2017,França/ Belgica,Drama,14,28,  336.879 ,  23.356 ,   ,
Esta é sua morte - o show,This is your death,Cineart Filmes,9/21/2017,EUA,Drama,18,49,  82.406 ,  6.080 ,   ,
Pendular,Pendular,Vitrine,9/21/2017,Brasil,Drama,16,21,  74.647 ,  5.602 ,   ,
Em defesa de Cristo,The Case for Christ,California,9/14/2017,EUA,Drama,12,72,  1.515.630 ,  120.661 ,   ,
Columbus,Columbus,Supo Mungam Films,9/14/2017,EUA,Drama,12,18,  112.843 ,  6.933 ,   ,
"Duas Irenes, As","Duas Irenes, As",Vitrine,9/14/2017,Brasil,Drama,14,22,  69.517 ,  9.426 ,   ,
Glory,Slava,Pandora,9/14/2017,Hungria,Drama,12,9,  63.942 ,  5.109 ,   ,
Deserto (BR),Deserto,Fênix Filmes,9/14/2017,Brasil,Drama,14,6,  15.160 ,  1.053 ,   ,
"Mulher fantástica, Uma",Una mujer fantástica,Imovision,9/7/2017,Chile,Drama,14,16,  377.564 ,  25.754 ,   ,
Até nunca mais,À jamais,Mares Filmes,9/7/2017,França/ Portugal,Drama,14,6,  18.446 ,  1.405 ,   ,
Como nossos pais,Como nossos pais,Imovision,8/31/2017,Brasil,Drama,14,129,  3.428.700 ,  203.878 ,   ,
150 Miligramas,La Fille de Brest,California,8/31/2017,França,Drama,14,1,  7.457 ,  527 ,   ,
Entrelinhas,The Unattainable Story,Europa,8/31/2017,EUA,Drama,14,2,  1.998 ,  139 ,   ,
Bingo - O rei das manhãs,Bingo - O rei das manhãs,Warner,8/24/2017,Brasil,Drama,16,400,  4.032.760 ,  261.153 ,   ,
"Castelo de vidro, O",The glass castle,Paris,8/24/2017,EUA,Drama,14,68,  495.950 ,  25.915 ,   ,
Últimos dias em Havana,Últimos días en la Havana,Esfera,8/24/2017,Cuba,Drama,14,12,  230.019 ,  16.197 ,   ,
Mimosas,Mimosas,Pandora,8/24/2017,França/Espanha,Drama,12,1,  4.343 ,  320 ,   ,
Lady Macbeth,Lady Macbeth,California,8/17/2017,Reino Unido,Drama,14,17,  469.172 ,  29.243 ,   ,
Corpo elétrico,Corpo elétrico,Vitrine,8/17/2017,Brasil,Drama,16,19,  191.072 ,  13.430 ,   ,
"Estranho que nós amamos, O",The Beguiled,Universal,8/10/2017,EUA,Drama,14,74,  1.806.810 ,  100.840 ,   ,
"Viagem de Fanny, A ",Le voyage de Fanny ,Mares Filmes,8/10/2017,França/ Belgica,Drama,10,16,  167.363 ,  13.149 ,   ,
"Filme da minha vida, O","Filme da minha vida, O",Vitrine,8/3/2017,Brasil,Drama,14,253,  4.351.370 ,  284.968 ,   ,
"Meninos que enganavam nazistas, Os",Un sac de billes,Paris,8/3/2017,França/Canadá,Drama,12,36,  770.641 ,  43.438 ,   ,
"Reino da beleza, O",Le règne de la beauté,Fênix Filmes,8/3/2017,Canadá,Drama,16,8,  28.828 ,  2.187 ,   ,
Rifle,Rifle,Vitrine,8/3/2017,Brasil,Drama,12,10,  8.665 ,  1.257 ,   ,
Esteros ,Esteros ,Europa,7/27/2017,Brasil/Argentina,Drama,16,9,  58.946 ,  3.664 ,   ,
De canção em canção,Song to song,Supo Mungam Films,7/20/2017,EUA,Drama,16,30,  318.095 ,  18.871 ,   ,
"Vida de uma mulher, A",Une vie,Mares Filmes,7/13/2017,França/ Belgica,Drama,14,15,  144.206 ,  11.613 ,   ,
Fala comigo,Fala comigo,Vitrine,7/13/2017,Brasil,Drama,12,19,  110.127 ,  7.491 ,   ,
"Futuro perfeito, O",El futuro perfecto,Zeta Filmes,7/13/2017,Argentina,Drama,livre,9,  76.013 ,  5.023 ,   ,
Cartas da Guerra,Cartas da Guerra,Imovision,7/13/2017,Portugal,Drama,14,6,  43.036 ,  2.810 ,   ,
Soundtrack,Soundtrack,Imagem,7/6/2017,Brasil,Drama,14,61,  223.874 ,  13.350 ,   ,
"Instante de amor, Um",Mal de pierres,Mares Filmes,6/29/2017,França,Drama,14,36,  456.830 ,  32.372 ,   ,
"Terra vermelha, A",La tierra roja,Imovision,6/29/2017,Belgica/Brasil/Argentina,Drama,14,5,  21.998 ,  1.485 ,   ,
Introdução à música do sangue,Introdução à música do sangue,Art House Movies,6/29/2017,Brasil,Drama,16,5,  6.217 ,  506 ,   ,
Mar inquieto,Mar inquieto,Lança Filmes,6/29/2017,Brasil,Drama,16,4,  2.430 ,  202 ,   ,
Frantz,Frantz,California,6/22/2017,França/Alemanha,Drama,14,19,  366.901 ,  26.966 ,   ,
"Garota ocidental - entre o coração e a tradição, A",Noces,Cineart Filmes,6/22/2017,Bélgica/ França/ Luxemburgo,Drama,14,15,  233.101 ,  16.578 ,   ,
Mulher do pai,Mulher do pai,Vitrine,6/22/2017,Brasil,Drama,12,23,  67.058 ,  5.364 ,   ,
Na vertical,Rester vertical,Zeta Filmes,6/22/2017,França,Drama,18,11,  63.782 ,  5.469 ,   ,
Tudo e todas as coisas,"Everything, Everything",Warner,6/15/2017,EUA,Drama,12,244,  1.719.540 ,  126.276 ,   ,
Filhos de Bach,Bach in Brazil,Disney,6/8/2017,Alemanha/ Brasil,Drama,livre,26,  52.192 ,  3.337 ,   ,
Ande comigo,De standhaftige,Alpha Filmes/ Pandora,6/1/2017,Dinamarca/ Suécia,Drama,14,4,  17.368 ,  1.214 ,   ,
Real - O plano por trás da história,Real - O plano por trás da história,DTF/Paris,5/25/2017,Brasil,Drama,12,210,  793.480 ,  46.952 ,   ,
Faces de uma mulher,Orpheline,Mares Filmes,5/25/2017,França,Drama,16,24,  95.381 ,  6.842 ,   ,
Punhos de sangue,Chuck,California,5/25/2017,EUA,Drama,16,34,  72.373 ,  3.427 ,   ,
Comeback,Comeback,02 Play,5/25/2017,Brasil,Drama,16,26,  39.432 ,  3.045 ,   ,
"Vida após a vida, A",Zhi fan ye mao,Zeta Filmes,5/25/2017,China,Drama,10,4,  25.076 ,  1.817 ,   ,
Muito romântico,Muito romântico,Vitrine,5/25/2017,Alemanha/ Brasil,Drama,16,9,  5.795 ,  791 ,   ,
Antes que eu vá,Before I fall,Paris,5/18/2017,EUA,Drama,12,267,  2.822.880 ,  189.500 ,   ,
Estamos vivos,Estamos vivos,Livres Filmes,5/18/2017,Brasil,Drama,12,2,  1.354 ,  146 ,   ,
"Dia do atentado, O",Patriots day,Paris,5/11/2017,EUA,Drama,14,131,  1.203.660 ,  64.421 ,   ,
"Promessa, A",The promise,Diamond Films,5/11/2017,EUA/ Espanha,Drama,16,68,  451.363 ,  25.554 ,   ,
"Dama de óculos escuros com uma arma no carro, Uma",La dame dans l'auto avec des lunettes et un fuzil,Mares Filmes/Alpha Filmes,5/11/2017,França/ Belgica,Drama,14,6,  24.440 ,  1.846 ,   ,
Norman - Confie em mim,Norman: The moderate rise and tragic fall of a New York fixer,California,5/4/2017,Israel/EUA,Drama,10,67,  1.106.340 ,  55.540 ,   ,
"Filha, A",The Daughter,Supo Mungam Films,5/4/2017,Austrália,Drama,16,17,  73.634 ,  4.938 ,   ,
Clash,Eshtebak,Imovision,5/4/2017,Egito/ França,Drama,14,11,  67.770 ,  4.386 ,   ,
Sobre viagens e amores,L'estate Addosso,Lança Filmes,5/4/2017,EUA/ Itália,Drama,14,16,  63.526 ,  4.363 ,   ,
Melhores amigos,Little men,Alpha Filmes/ Pandora,5/4/2017,EUA,Drama,12,7,  44.659 ,  3.092 ,   ,
Beduino,Beduino,Distribuição Própria,5/4/2017,Brasil,Drama,12,3,  10.605 ,  638 ,   ,
"Mulher que se foi, A",Ang babaeng humayo,Zeta Filmes,5/4/2017,Filipinas,Drama,12,2,  5.606 ,  361 ,   ,
Alem das palavras,,Cineart Filmes,4/27/2017,Reino Unido,Drama,12,32,  347.383 ,  22.882 ,   ,
Além da ilusão,Planetarium ,Mares Filmes,4/27/2017,França/ Belgica,Drama,14,30,  183.433 ,  11.429 ,   ,
Vermelho russo,Vermelho russo,Vitrine,4/27/2017,Brasil,Drama,14,19,  110.051 ,  6.946 ,   ,
Elon não acredita na morte,Elon não acredita na morte,Vitrine,4/27/2017,Brasil,Drama,12,13,  12.299 ,  1.666 ,   ,
Paterson,Paterson,Fênix Filmes,4/20/2017,EUA,Drama,12,23,  730.634 ,  44.092 ,   ,
Joaquim,Joaquim,Imovision,4/20/2017,Brasil/ Portugal,Drama,16,37,  250.972 ,  17.160 ,   ,
Una,Una,Mares Filmes,4/13/2017,Reino Unido,Drama,14,21,  154.915 ,  10.317 ,   ,
Variações de Casanova,Casanova Variations,Imovision,4/13/2017,Portugal/França,Drama,14,13,  48.819 ,  3.247 ,   ,
"Família Dionti, A","Família Dionti, A",Art House Movies,4/13/2017,Brasil,Drama,livre,6,  28.507 ,  2.486 ,   ,
Apesar da noite,,Zeta Filmes,4/13/2017,França/Canadá,Drama,18,5,  13.056 ,  926 ,   ,
"Cabana, A",The Shack,Paris,4/6/2017,EUA,Drama,12,843,  74.712.700 ,  5.102.909 ,   ,
Cães selvagens,Dog eat dog,Imagem,4/6/2017,EUA,Drama,14,25,  141.557 ,  8.297 ,   ,
Dolores,Dolores,Fênix Filmes,4/6/2017,Argentina,Drama,14,14,  40.616 ,  2.829 ,   ,
Por trás do céu,Por trás do céu,Pandora,4/6/2017,Brasil,Drama,16,16,  15.667 ,  1.222 ,   ,
"Belos dias de Aranjuez, Os",Les Beaux Jours d'Aranjuez,Imovision,3/30/2017,Alemanha/ França,Drama,14,22,  270.866 ,  16.515 ,   ,
"Glória e a Graça, A","Glória e a Graça, A",H2O Films,3/30/2017,Brasil,Drama,14,27,  83.844 ,  5.457 ,   ,
"Mundo fora do lugar, O",Die abhandene Welt,Mares Filmes,3/30/2017,Alemanha,Drama,14,12,  65.127 ,  4.924 ,   ,
"Ornitólogo, O",L'ornithologue,Vitrine,3/30/2017,Portugal/França/Brasil,Drama,14,10,  18.319 ,  2.700 ,   ,
Eu te levo,Eu te levo,Pandora,3/30/2017,Brasil,Drama,12,4,  3.983 ,  323 ,   ,
T2 Trainspotting,T2 Trainspotting,Sony,3/23/2017,Reino Unido,Drama,16,33,  858.082 ,  47.927 ,   ,
Travessia,Travessia,O2 Play,3/23/2017,Brasil,Drama,16,31,  59.069 ,  4.285 ,   ,
Todas as cores da noite,Todas as cores da noite,Inquieta,3/23/2017,Brasil,Drama,16,nd,nd,nd,   ,
Era o Hotel Cambridge,Era o Hotel Cambridge,Vitrine,3/16/2017,Brasil,Drama,12,12,  307.758 ,  29.461 ,   ,
Fátima,Fátima,Imovision,3/16/2017,França,Drama,10,8,  155.506 ,  10.366 ,   ,
"Filho de Joseph, O",Le fils de Joseph,Supo Mungam Films,3/16/2017,França/ Belgica,Drama,14,9,  71.138 ,  4.805 ,   ,
"Cowboys, Os",Les cowboys,Bonfilm,3/16/2017,França,Drama,12,3,  31.762 ,  2.622 ,   ,
Jonas e o circo sem lona,Jonas e o circo sem lona,Vitrine,3/16/2017,Brasil,Drama,livre,10,  12.684 ,  1.816 ,   ,
Com os punhos cerrados,Com os punhos cerrados,Pique-Bandeira Filmes,3/16/2017,Brasil,Drama,16,0,  1.104 ,  144 ,   ,
Fome de poder,The founder,Diamond Films,3/9/2017,EUA,Drama,10,114,  1.237.020 ,  65.084 ,   ,
Silêncio,Silence,Imagem,3/9/2017,EUA,Drama,14,121,  1.199.040 ,  70.422 ,   ,
Versões de um crime,The whole truth,Playarte,3/9/2017,EUA,Drama,14,78,  723.645 ,  47.669 ,   ,
Negação,Denial,Sony,3/9/2017,EUA/ Reino Unido,Drama,12,27,  296.883 ,  17.678 ,   ,
"Papa Francisco, conquistando corações","Francisco, el padre Jorge",Mares Filmes/Alpha Filmes,3/9/2017,Argentina/ Espanha,Drama,10,77,  84.790 ,  6.936 ,   ,
Souvenir,Souvenir,Pandora,3/9/2017,França,Drama,14,8,  65.564 ,  4.577 ,   ,
Hiroshima meu amor,Hiroshima mon amour,Zeta Filmes,3/9/2017,Japão/França,Drama,12,11,  65.001 ,  5.289 ,   ,
"Crime da Gávea, O","Crime da Gávea, O",Elo Company,3/9/2017,Brasil,Drama,16,5,  13.858 ,  1.024 ,   ,
Eles só usam black tie,Necktie Youthafri,Fênix Filmes,3/9/2017,África do Sul,Drama,16,0,  5.218 ,  391 ,   ,
"Limite entre nós, Um",Fences,Paramount,3/2/2017,EUA,Drama,12,47,  1.576.140 ,  87.013 ,   ,
Asco,Asco,Distribuição Própria,3/1/2017,Brasil,Drama,12,0,  2.953 ,  132 ,   ,
Moonlight - Sob a luz do luar,Moonlight,Diamond Films,2/23/2017,EUA,Drama,12,63,  5.851.280 ,  341.969 ,   ,
"Garota desconhecida, A",La fille inconnue,California,2/23/2017,Bélgica/ França,Drama,14,5,  152.539 ,  9.681 ,   ,
"Jovem rainha, A",The Girl King,Mares Filmes,2/23/2017,Finlândia,Drama,14,7,  83.256 ,  7.470 ,   ,
Aliados,allied,Paramount,2/16/2017,EUA,Drama,14,269,  6.621.390 ,  394.964 ,   ,
Lion - Uma jornada para casa,Lion,Diamond Films,2/16/2017,EUA/ Reino Unido/ Austrália,Drama,12,114,  3.697.240 ,  208.822 ,   ,
"Eu, Olga Hepnarová","Já, Olga Hepnarová",Supo Mungam Films,2/16/2017,Tchecoslováquia,Drama,16,3,  22.330 ,  1.906 ,   ,
Cinquenta tons mais escuros,Fifty shades darker,Universal,2/9/2017,EUA,Drama,16,1532,  66.570.600 ,  4.628.938 ,   ,
Toni Erdmann,Toni Erdmann,Sony,2/9/2017,Alemanha/ Áustria,Drama,16,16,  327.046 ,  21.388 ,   ,
Redemoinho,Redemoinho,Vitrine,2/9/2017,Brasil,Drama,14,23,  120.753 ,  9.161 ,   ,
"Cidade onde envelheço, A","Cidade onde envelheço, a",Vitrine,2/9/2017,Brasil,Drama,12,13,  53.829 ,  6.495 ,   ,
Marguerite & Julien: Um amor proibido,Marguerite et Julien,Mares Filmes,2/9/2017,França,Drama,16,5,  17.155 ,  1.358 ,   ,
"Rua chamada pecado, Uma",A Streetcar Named Desire,Distribuição Própria,2/9/2017,EUA,Drama,não precisa,0,  2.461 ,  143 ,   ,
Estrelas além do tempo,Hidden figures,Fox,2/2/2017,EUA,Drama,livre,271,  6.612.580 ,  399.373 ,   ,
Jackie,Jackie,Diamond Films,2/2/2017,EUA,Drama,14,59,  1.510.200 ,  82.726 ,   ,
"Qualquer custo, A",Hell or High Water,California,2/2/2017,EUA,Drama,14,53,  935.254 ,  54.016 ,   ,
"Espera, A",L'attesa,Imovision,2/2/2017,França/ Itália,Drama,14,9,  152.744 ,  11.055 ,   ,
Armas na mesa,Miss Sloane,Paris,2/2/2017,Reino Unido/ EUA,Drama,14,14,  52.848 ,  3.953 ,   ,
Clarisse ou alguma coisa sobre nós dois,Clarisse ou alguma coisa sobre nós dois,Serendip / Art,2/2/2017,Brasil,Drama,16,8,  31.324 ,  2.776 ,   ,
Quatro vidas de um cachorro,A dog's purpose,Universal,1/26/2017,EUA,Drama,10,419,  6.870.970 ,  513.291 ,   ,
Paraíso,pan,Mares Filmes,1/26/2017,Russia,Drama,14,14,  73.209 ,  5.587 ,   ,
"Morte de Luís XIV, A",Last days of Luis XIV,Zeta Filmes,1/26/2017,França/ Portugal,Drama,18,9,  59.626 ,  4.343 ,   ,
"Ídolo, O",Ya Tayr El Tayer,California,1/26/2017,Palestina,Drama,14,6,  32.082 ,  2.479 ,   ,
Nojoom, Ana Nojoom bent alasherah wamotalagah,Esfera,1/26/2017,Iemen,Drama,14,1,  30.264 ,  2.254 ,   ,
Manchester à beira-mar,Manchester by the sea,Sony,1/19/2017,EUA,Drama,14,25,  1.814.370 ,  102.141 ,   ,
"Criada, A",The Handmaiden,Mares Filmes,1/12/2017,Coréia do Sul,Drama,18,22,  513.256 ,  36.102 ,   ,
Assim que abro meus olhos,A peine j'ouvre les yeux,Supo Mungam Films,1/12/2017,"Tunísia, França, Bélgica, EUA",Drama,16,5,  66.074 ,  5.062 ,   ,
"Eu, Daniel Blake","I, Daniel Blake",Imovision,1/5/2017,Reino Unido,Drama,12,24,  1.404.010 ,  91.545 ,   ,
"Apartamento, O",Forushande,Pandora,1/5/2017,Irã,Drama,12,22,  572.240 ,  40.795 ,   ,
Sete minutos depois da meia-noite,A monster calls,Diamond Films,1/5/2017,EUA,Drama,12,45,  310.385 ,  18.761 ,   ,
John From,John From,Fênix Filmes,1/5/2017,Portugal,Drama,livre,1,  1.943 ,  192 ,   ,
"Ópera de Paris, A",L'Opéra,Imovision,12/28/2017,França,Documentário,livre,6,  13.933 ,  787 ,   ,
Todas as meninas reunidas vamos lá,Todas as meninas reunidas vamos lá,DTF/Paris,12/21/2017,Brasil,Documentário,livre,13,  4.338 ,  274 ,   ,
Lumière - A aventura começa,Lumière - L aventure commence,Imovision,12/14/2017,França,Documentário,livre,9,  50.614 ,  3.540 ,   ,
Cora Coralina - Todas as vidas,Cora Coralina - Todas as vidas,Fênix Filmes,12/14/2017,Brasil,Documentário,livre,8,  43.001 ,  2.890 ,   ,
Coragem! - As muitas vidas de Dom Paulo Evaristo Arns,Coragem! - As muitas vidas de Dom Paulo Evaristo Arns,Espaço Itaú de Cinema,12/14/2017,Brasil,Documentário,10,9,  13.930 ,  869 ,   ,
Tudo é projeto,Tudo é projeto,Olé Produções,12/14/2017,Brasil,Documentário,livre,3,  7.603 ,  466 ,   ,
Silêncio no estúdio,Silêncio no estúdio,Modo Operante Produções,12/14/2017,Brasil,Documentário,livre,1,  3.008 ,  260 ,   ,
Corpo delito,Corpo delito,Vitrine,12/7/2017,Brasil,Documentário,14,14,  5.948 ,  877 ,   ,
Meu corpo é político,Meu corpo é político,Olhar Distribuição,11/30/2017,Brasil,Documentário,12,5,  9.010 ,  712 ,   ,
Gabeira,Gabeira,Gavea Filmes / Pipoca & Filmes,11/23/2017,Brasil,Documentário,12,12,  19.428 ,  1.345 ,   ,
"Lygia, uma escritora brasileira","Lygia, uma escritora brasileira",TvZero,11/23/2017,Brasil,Documentário,12,7,  11.825 ,  782 ,   ,
Xingu Cariri Caruaru Carioca,Xingu Cariri Caruaru Carioca,4 ventos,11/23/2017,Brasil,Documentário,livre,1,  2.033 ,  140 ,   ,
On yoga - Arquitetura da paz,On yoga: The architecture of peace,Pagu Pictures / Bretz Filmes,11/16/2017,Brasil / India / China,Documentário,12,13,  227.112 ,  12.845 ,   ,
Human flow - Não existe lar se não há para onde ir,Human flow,Paris,11/16/2017,Alemanha/ EUA,Documentário,12,21,  64.310 ,  3.895 ,   ,
Maria - Não esqueça que venho dos trópicos,Maria - Não esqueça que venho dos trópicos,Pandora,11/16/2017,Brasil,Documentário,10,3,  6.328 ,  396 ,   ,
No intenso agora,No intenso agora,Videofilmes,11/9/2017,Brasil,Documentário,12,11,  207.543 ,  14.088 ,   ,
"Verdade mais inconveniente, Uma",An inconvenient sequel: Truth to power,Paramount,11/9/2017,EUA,Documentário,10,12,  57.957 ,  2.766 ,   ,
Olhando para as estrelas,Olhando para as estrelas,Elo Company,11/9/2017,Brasil,Documentário,livre,5,  8.048 ,  482 ,   ,
Aqualoucos,Aqualoucos,Paris,11/9/2017,Brasil,Documentário,10,2,  3.295 ,  198 ,   ,
Exodus - De onde vim não existe mais,Exodus - De onde vim não existe mais,O2 Play / Paris Filmes,9/28/2017,Brasil/Alemanha,Documentário,12,30,  69.513 ,  5.525 ,   ,
"Gente, A","Gente, A",Olhar Distribuição,9/14/2017,Brasil,Documentário,12,7,  4.556 ,  367 ,   ,
David Lynch - a vida de um artista,David Lynch - The Art Life,Fênix Filmes,8/31/2017,EUA,Documentário,12,13,  43.767 ,  2.825 ,   ,
"Filme de cinema, Um","Filme de cinema, Um",Art House Movies,8/24/2017,Brasil,Documentário,14,14,  36.882 ,  2.988 ,   ,
"Homem que matou John Wayne, O","Homem que matou John Wayne, O",Pandora,8/17/2017,Brasil,Documentário,12,3,  4.163 ,  294 ,   ,
Intolerância.doc,Intolerância.doc,Distribuição Própria,8/17/2017,Brasil,Documentário,12,1,  2.128 ,  140 ,   ,
Viva o cinema!,Viva o cinema!,Distribuição Própria,8/17/2017,Brasil,Documentário,livre,nd,nd,nd,   ,
"Deserto do deserto, O","Deserto do deserto, O",Distribuição Própria,8/10/2017,Brasil,Documentário,10,1,  6.185 ,  508 ,   ,
Deixa na régua,Deixa na régua,Osmose Filmes,8/3/2017,Brasil,Documentário,12,0,  3.566 ,  251 ,   ,
Gatos,Kedi,Espaço Filmes,7/13/2017,EUA,Documentário,livre,12,  287.738 ,  17.857 ,   ,
"Luta de Steve, A",Gleason,Elite Filmes,7/13/2017,EUA,Documentário,10,5,  10.376 ,  785 ,   ,
Danado de bom,Danado de bom,Inquietude,6/29/2017,Brasil,Documentário,livre,6,  17.324 ,  1.396 ,   ,
Divinas Divas,Divinas Divas,Vitrine,6/22/2017,Brasil,Documentário,14,19,  191.752 ,  25.651 ,   ,
Sepultura Endurance,Sepultura,02 Play,6/15/2017,Brasil,Documentário,12,13,  39.214 ,  2.587 ,   ,
Cidades fantasmas,Cidades fantasmas,Casa de Cinema de Porto Alegre,6/15/2017,Brasil,Documentário,livre,3,  16.347 ,  1.065 ,   ,
Quem é Primavera das Neves,Quem é Primavera das Neves,Distribuição Própria,6/15/2017,Brasil,Documentário,livre,3,  12.362 ,  930 ,   ,
"Transgressores, Os","Transgressores, Os",Film Connection,6/15/2017,Brasil,Documentário,12,2,  2.711 ,  168 ,   ,
Nunca me sonharam,Nunca me sonharam,Maria Farinha Filmes,6/8/2017,Brasil,Documentário,10,2,  35.345 ,  3.062 ,   ,
Animal político,Animal político,Vitrine,6/8/2017,Brasil,Documentário,14,7,  15.370 ,  2.000 ,   ,
"Jardim das aflições, O","Jardim das aflições, O",Distribuição Própria,6/1/2017,Brasil,Documentário,12,6,  269.922 ,  14.381 ,   ,
"Casamento, Um","Casamento, Um",Pandora,5/18/2017,Brasil,Documentário,livre,4,  2.810 ,  244 ,   ,
Cronica da demolição,Cronica da demolição,Distribuição Própria,5/11/2017,Brasil,Documentário,livre,5,  44.349 ,  3.163 ,   ,
Taego Ãwa,Taego Ãwa,Vitrine,5/11/2017,Brasil,Documentário,10,8,  5.194 ,  761 ,   ,
"Grande dia, O",Le grand jour,Imovision,4/27/2017,França,Documentário,livre,5,  33.277 ,  1.956 ,   ,
"Profeta das águas, O","Profeta das águas, O",Taus Produções,4/20/2017,Brasil,Documentário,14,nd,nd,nd,   ,
Martirio,Martirio,Vitrine,4/13/2017,Brasil,Documentário,14,13,  32.582 ,  3.901 ,   ,
Gaga - O amor pela dança,Mr. Gaga,Vitrine,4/6/2017,Israel,Documentário,livre,11,  169.743 ,  9.805 ,   ,
Argentina,Zonda - folclore argentino,Imovision,4/6/2017,Argentina/ Espanha/ França,Documentário,14,6,  131.695 ,  8.824 ,   ,
Todas as manhãs do mundo,Todas as manhãs do mundo,Fox,4/6/2017,Brasil,Documentário,livre,5,  106.152 ,  11.024 ,   ,
Pitanga,Pitanga,Elo Company,4/6/2017,Brasil,Documentário,livre,13,  73.903 ,  4.859 ,   ,
Central - O filme,Central - O filme,Panda Filmes,3/30/2017,Brasil,Documentário,14,7,  248.031 ,  16.536 ,   ,
Galeria F,Galeria F,Elo Company,3/30/2017,Brasil,Documentário,12,4,  4.976 ,  504 ,   ,
Memória em Verde e Rosa,Memória em Verde e Rosa,Distribuição Própria,3/30/2017,Brasil,Documentário,livre,1,  3.949 ,  264 ,   ,
"Capoeira, um passo a dois","Capoeira, um passo a dois",Daza Filmes,3/27/2017,Brasil,Documentário,livre,0,  5.921 ,  478 ,   ,
Reset,Relève: Histoire d'une créationfr,Fênix Filmes,3/23/2017,França,Documentário,livre,0,  8.279 ,  537 ,   ,
Por um punhado de dólares - Os novos emigrados,Por um punhado de dólares - Os novos emigrados,Elo Company,3/16/2017,Brasil/Alemanha,Documentário,livre,3,  3.382 ,  286 ,   ,
"Pedro Osmar, prá liberdade que se conquista","Pedro Osmar, prá liberdade que se conquista",Distribuição Própria,3/16/2017,Brasil,Documentário,10,8,  2.333 ,  182 ,   ,
Olhar instigado,Olhar instigado,O2Play,3/9/2017,Brasil,Documentário,livre,nd,nd,nd,   ,
Waiting for B,Waiting for B,Vitrine,3/2/2017,Brasil,Documentário,12,9,  5.871 ,  1.049 ,   ,
Eu não sou seu negro,I Am Not Your Negro,Imovision,2/16/2017,EUA/ França,Documentário,12,20,  365.233 ,  25.503 ,   ,
The Beatles: Eight Days a Week - The Touring Years,The Beatles: Eight Days a Week - The Touring Years,Flix Media,2/2/2017,EUA,Documentário,12,42,  318.058 ,  13.746 ,   ,
Axé: canto do povo de algum lugar,Axé: canto do povo de algum lugar,Zahir Company,1/19/2017,Brasil,Documentário,12,22,  458.913 ,  33.200 ,   ,
"Fala sério, mãe!","Fala sério, mãe!",DTF/Paris,12/28/2017,Brasil,Comédia,14,681,  8.090.740 ,  599.579 ,   ,
Assim é a vida,C'est la vie,Paris,12/21/2017,França,Comédia,12,30,  179.200 ,  10.738 ,   ,
Jovem mulher,Jeune femme,Zeta Filmes,12/21/2017,França,Comédia,14,3,  9.477 ,  653 ,   ,
Perfeita é a mãe 2,Bad mom's christmas,Diamond Films,12/7/2017,EUA,Comédia,16,175,  528.622 ,  39.548 ,   ,
Altas expectativas,Altas expectativas,Vitrine,12/7/2017,Brasil,Comédia,12,82,  86.117 ,  6.039 ,   ,
Apenas um garoto em Nova York,The only living boy in New York,H2O Films,12/7/2017,EUA,Comédia,14,21,  73.767 ,  3.761 ,   ,
"Parças, Os","Parças, Os",DTF/Paris,11/30/2017,Brasil,Comédia,10,334,  17.665.200 ,  1.305.252 ,   ,
Pai em dose dupla 2,Daddy's home 2,Paramount,11/23/2017,EUA,Comédia,12,470,  6.198.120 ,  450.655 ,   ,
Lola Pater,Lola Pater,Imovision,11/23/2017,França/ Belgica,Comédia,14,16,  112.965 ,  7.716 ,   ,
"Golfinhos vão para o leste, Os","Golfinhos vão para o leste, Os",Lança Filmes / Okna Produções,11/23/2017,Uruguai,Comédia,18,2,  4.645 ,  338 ,   ,
Rúcula com tomate seco,Rúcula com tomate seco,DTF/Paris,11/23/2017,Brasil,Comédia,14,5,  3.680 ,  405 ,   ,
Algo de novo,Qualcosa di nuovo,Espaço Filmes,11/16/2017,Itália,Comédia,14,3,  29.994 ,  1.962 ,   ,
Gosto se discute,Gosto se discute,Imagem,11/9/2017,Brasil,Comédia,12,345,  2.426.930 ,  174.421 ,   ,
"Perfil para dois, Um",Un profil pour deux,Paris,11/9/2017,França/ Belgica,Comédia,12,31,  417.046 ,  25.088 ,   ,
"Outro lado da esperança, O",Toivon tuolla puolen,Imovision,11/9/2017,Finlândia,Comédia,14,17,  234.424 ,  14.353 ,   ,
"Estado das coisas, O",Brad's status,Imagem,11/2/2017,EUA,Comédia,12,70,  807.821 ,  40.859 ,   ,
Dona Flor e seus dois maridos,Dona Flor e seus dois maridos,DTF/Paris,11/2/2017,Brasil,Comédia,16,44,  645.139 ,  47.167 ,   ,
"Formidável, O",Le redoubtable,Imovision,10/26/2017,França,Comédia,14,29,  283.628 ,  18.536 ,   ,
De volta para casa,Home Again,H2O Films,10/19/2017,EUA,Comédia,12,138,  800.871 ,  48.257 ,   ,
"Comédia divina, A","Comédia divina, A",Imagem,10/19/2017,Brasil,Comédia,14,135,  653.617 ,  46.988 ,   ,
Doentes de amor,The big sick,California,10/19/2017,EUA,Comédia,12,39,  195.426 ,  11.185 ,   ,
Como se tornar o pior aluno da escola,Como se tornar o pior aluno da escola,DTF/Paris,10/12/2017,Brasil,Comédia,14,356,  6.794.380 ,  501.862 ,   ,
Logan Lucky - Roubo em Família,Logan Lucky,Diamond Films,10/12/2017,EUA,Comédia,12,62,  356.062 ,  16.914 ,   ,
Chocante,Chocante,Imagem,10/5/2017,Brasil,Comédia,12,478,  2.205.120 ,  158.103 ,   ,
"Melhor professor da minha vida, O",Les grands esprits,Imovision,10/5/2017,França,Comédia,14,10,  294.852 ,  19.701 ,   ,
Rock'N Roll - Por trás da fama,Rock'N Roll',Mares Filmes,10/5/2017,França,Comédia,14,8,  135.317 ,  9.649 ,   ,
Duas de mim,Duas de mim,DTF/Paris,9/28/2017,Brasil,Comédia,12,280,  3.903.210 ,  290.627 ,   ,
"Amor, Paris, cinema",Arnaud fait son deuxième film,Fênix Filmes,9/28/2017,França,Comédia,14,22,  174.710 ,  12.211 ,   ,
Divórcio,Divórcio,Warner,9/21/2017,Brasil,Comédia,12,577,  6.584.550 ,  497.713 ,   ,
"Garota do armário, A",Maman a tort,Imovision,9/21/2017,França,Comédia,12,3,  98.722 ,  6.469 ,   ,
Doidas e santas,Doidas e santas,Imagem,8/24/2017,Brasil,Comédia,12,92,  422.034 ,  30.852 ,   ,
Bye bye Alemanha,Es war einmal in Deutschland,Mares Filmes,8/24/2017,Alemanha,Comédia,14,22,  199.419 ,  13.957 ,   ,
Shivá - Uma semana e um dia,Shavua Ve Yom,Imovision,8/24/2017,Israel,Comédia,16,7,  61.814 ,  3.864 ,   ,
"Finada mãe da madame, A","Finada mãe da madame, A",Santa Rita Filmes,8/24/2017,Brasil,Comédia,14,3,  5.873 ,  462 ,   ,
Malasartes e o duelo com a morte,Malasartes e o duelo com a morte,DTF/Paris,8/10/2017,Brasil,Comédia,10,351,  1.539.770 ,  114.111 ,   ,
Diário de um banana - Caindo na estrada,Diary of a wimpy kid - The long haul,Fox,8/10/2017,EUA,Comédia,Livre,82,  1.122.630 ,  76.969 ,   ,
Saint amour - na rota do vinho,Saint amour,Imovision,8/3/2017,França,Comédia,14,3,  109.139 ,  7.721 ,   ,
Como se tornar um conquistador,How to Be a Latin Lover,Paris,7/27/2017,EUA,Comédia,12,154,  381.953 ,  24.545 ,   ,
"Reencontro, O ",Sage-Femme,Mares Filmes,7/27/2017,França,Comédia,12,28,  264.256 ,  19.492 ,   ,
Monsieur & Madame Adelman,Monsieur & Madame Adelman,Imovision,7/20/2017,França,Comédia,16,22,  1.526.560 ,  91.320 ,   ,
"Tal mãe, tal filha","Telle mére, telle fille",California,7/20/2017,França,Comédia,14,22,  317.822 ,  22.383 ,   ,
Tour de France ,Tour de France,Bonfilm,7/13/2017,França,Comédia,16,7,  191.294 ,  14.654 ,   ,
Julho agosto,Juillet Août,Cineart Filmes,7/13/2017,França,Comédia,12,11,  55.069 ,  4.027 ,   ,
Perdidos em Paris,Paris Pieds Nus,Pandora,7/6/2017,França/ Belgica,Comédia,14,27,  804.511 ,  55.456 ,   ,
"Pobres diabos, Os","Pobres diabos, Os",Lume,7/6/2017,Brasil,Comédia,12,18,  41.753 ,  3.581 ,   ,
"Novato, O",Le Nouveau,Bonfilm,6/30/2017,França,Comédia,12,0,  24.860 ,  1.973 ,   ,
"Família de dois, Uma",Demain tout commence,Paris,6/29/2017,França/Inglaterra,Comédia,12,105,  1.562.190 ,  91.356 ,   ,
Meus 15 anos,Meus 15 anos,DTF/Paris,6/22/2017,Brasil,Comédia,10,590,  8.966.650 ,  739.726 ,   ,
Baywatch - S.O.S. Malibu,Baywatch,Paramount,6/15/2017,EUA,Comédia,14,446,  8.763.480 ,  654.988 ,   ,
"Tio quase perfeito, Um","Tio quase perfeito, Um",H2O Films,6/15/2017,Brasil,Comédia,livre,311,  7.995.480 ,  579.232 ,   ,
Kiki - Os segredos do desejo,Kiki - El Amor se Hace,Imovision,6/15/2017,Espanha,Comédia,16,21,  289.741 ,  17.700 ,   ,
Amor.com,Amor.com,H2O Films,6/1/2017,Brasil,Comédia,12,321,  1.156.480 ,  88.093 ,   ,
Inseparáveis,Inseparables,Paris,6/1/2017,Argentina,Comédia,14,32,  90.929 ,  5.132 ,   ,
Dégradé,Dégradé,Imovision,5/25/2017,França,Comédia,12,6,  72.655 ,  4.720 ,   ,
"Homem de família, Um",A Family Man,California,5/18/2017,EUA,Comédia,12,60,  403.452 ,  20.031 ,   ,
Más notícias para o Sr. Mars,Des nouvelles de la planète Mars,Imovision,5/18/2017,França/ Belgica,Comédia,12,8,  77.149 ,  5.004 ,   ,
"Cidadão ilustre, O",El ciudadano ilustre,Cineart Filmes,5/11/2017,Argentina,Comédia,14,64,  1.277.530 ,  80.561 ,   ,
Ninguém entra ninguém sai,Ninguém entra ninguém sai,Imagem,5/4/2017,Brasil,Comédia,12,396,  2.649.630 ,  199.567 ,   ,
Eden,Eden,Livres Filmes,5/4/2017,Brasil,Comédia,16,4,  7.933 ,  555 ,   ,
"Gostosas, lindas e sexies","Gostosas, lindas e sexies",DTF/Paris,4/20/2017,Brasil,Comédia,14,174,  1.191.140 ,  84.865 ,   ,
"Sonho de Greta, O",Girl Asleep,Pandora,4/20/2017,Austrália,Comédia,12,10,  34.878 ,  2.401 ,   ,
"Falsas confidências, As",Les fausses confidences,Supo Mungam Films,4/13/2017,França,Comédia,12,17,  231.482 ,  13.371 ,   ,
Despedida em grande estilo,Going in style,Warner,4/6/2017,EUA,Comédia,14,125,  2.338.770 ,  133.139 ,   ,
"Poderoso chefinho, O",The boss baby,Fox,3/30/2017,EUA,Comédia,livre,898,  46.194.000 ,  3.240.436 ,   ,
Mulheres do século 20,20th Century Women,Sony,3/30/2017,EUA,Comédia,14,14,  218.419 ,  13.054 ,   ,
Imprevistos de uma noite em Paris,Ouvert la nuit,Imovision,3/23/2017,França,Comédia,12,9,  94.256 ,  7.133 ,   ,
Tinha que ser ele?,Why him?,Fox,3/16/2017,EUA,Comédia,14,118,  614.959 ,  44.227 ,   ,
La vingança,La vinganza,DTF/Paris,3/16/2017,Brasil,Comédia,14,23,  77.776 ,  4.779 ,   ,
Insubstituível,Médecin de campagne,Cineart Filmes,3/9/2017,França,Comédia,12,32,  348.417 ,  25.170 ,   ,
Paro quando quero,Smeto quando voglio,Espaço Filmes,3/9/2017,Itália,Comédia,16,5,  51.249 ,  3.215 ,   ,
Internet - o filme,Internet - o filme,DTF/Paris,2/23/2017,Brasil,Comédia,14,414,  4.911.240 ,  379.103 ,   ,
"Homem chamado Ove, Um",En Man Som Heter Ove,California,2/16/2017,Suécia,Comédia,14,12,  161.015 ,  11.907 ,   ,
"TOC - Transtornada, obsessiva, compulsiva","TOC - Transtornada, obsessiva, compulsiva",DTF/Paris,2/2/2017,Brasil,Comédia,14,306,  3.357.880 ,  246.183 ,   ,
Beleza oculta,Collateral beauty,Warner,1/26/2017,EUA,Comédia,10,271,  8.904.940 ,  512.613 ,   ,
"Penetras 2 - Quem dá mais?, Os","Penetras 2 - Quem dá mais?, Os",H2O/Universal,1/19/2017,Brasil,Comédia,12,444,  5.614.830 ,  404.875 ,   ,
Mistério na costa chanel, Ma Loute,Alpha Filmes,1/19/2017,França/Alemanha,Comédia,12,0,  18.676 ,  1.390 ,   ,
Eu fico loko,Eu fico loko,DTF/Paris,1/12/2017,Brasil,Comédia,12,618,  6.818.450 ,  556.352 ,   ,
"Com amor, Van Gogh",Loving Vicent,Europa,11/30/2017,Reino Unido,Biografia,12,36,  1.096.220 ,  68.964 ,   ,
Pelé - O nascimento de uma lenda,Pelé: Birth of a legend,Europa,10/26/2017,EUA/Brasil,Biografia,10,43,  46.930 ,  2.689 ,   ,
Churchill,Churchill,California,10/5/2017,Reino Unido,Biografia,12,22,  663.468 ,  33.226 ,   ,
"João, o maestro","João, o maestro",Sony,8/17/2017,Brasil,Biografia,14,95,  1.629.460 ,  94.812 ,   ,
Afterimage,Powidoki,Imovision,8/17/2017,Polônia,Biografia,12,15,  141.722 ,  8.569 ,   ,
"Dia mais feliz da vida de Olli Mäki, O",Hymyilevä Mies,Zeta Filmes,8/10/2017,Finlândia,Biografia,12,8,  22.048 ,  1.715 ,   ,
Eva não dorme,Eva não duerme,Pandora,8/3/2017,Argentina/ França,Biografia,12,9,  76.653 ,  5.860 ,   ,
Foucault Contra Si Mesmo,Foucault Contre Lui-même,Vilacine,7/27/2017,França,Biografia,10,3,  11.033 ,  1.074 ,   ,
Poesia sem fim,Poesía Sin Fin,Espaço Filmes,7/6/2017,França,Biografia,16,6,  210.127 ,  12.576 ,   ,
"Stefan Zweig - Adeus, Europa",Vor der Morgenröte,Esfera,4/13/2017,França/Alemanha,Biografia,12,8,  169.818 ,  10.676 ,   ,
Até o último homem,Hacksaw ridge,Diamond Films,1/26/2017,EUA/Austrália,Biografia,16,121,  4.867.210 ,  274.802 ,   ,
Star Wars - Os últimos jedi,Star Wars - The last jedi,Disney,12/14/2017,EUA,Aventura,12,1641,  53.243.900 ,  2.954.229 ,   ,
Lego Ninjago - O filme,The Lego Ninjago movie,Warner,9/28/2017,EUA,Aventura,livre,713,  4.869.560 ,  337.005 ,   ,
Planeta dos macacos - A guerra,War for the Planet of the Apes,Fox,8/3/2017,EUA,Aventura,14,1167,  43.032.400 ,  2.718.820 ,   ,
Pokemon - o filme: eu escolho você,Pokemon,Independente,7/15/2017,Japão,Aventura,livre,0,  721.498 ,  43.286 ,   ,
Mulher-Maravilha, Wonder Woman,Warner,6/1/2017,EUA,Aventura,12,1287,  109.700.000 ,  7.053.736 ,   ,
Piratas do Caribe - A vingança de Salazar,Pirates of the Caribbean: Dead men tell no tales,Disney,5/25/2017,EUA,Aventura,12,1400,  55.003.600 ,  3.659.969 ,   ,
Rei Arthur - A lenda da espada,King Arthur - Legend of the sword,Warner,5/18/2017,EUA,Aventura,14,867,  15.499.900 ,  961.626 ,   ,
Alien: Covenant,Alien: Covenant,Fox,5/11/2017,EUA,Aventura,16,849,  9.602.300 ,  667.624 ,   ,
Guardiões da Galáxia 2,The Guardians of the Galaxy 2,Disney,4/27/2017,EUA,Aventura,12,1312,  67.539.800 ,  4.208.491 ,   ,
Kong - A ilha da caveira,Kong - Skull Island,Warner,3/9/2017,EUA,Aventura,12,906,  29.349.300 ,  1.920.063 ,   ,
"Aventuras de Tadeo 2 - O segredo do Rei Midas, As",Tadeo Jones 2 - El secreto del Rey Midas,Paramount,12/21/2017,Espanha,Animação,livre,518,  3.438.590 ,  250.671 ,   ,
"Estrela de Belém, A",The star,Sony,11/30/2017,EUA,Animação,livre,438,  5.912.030 ,  478.929 ,   ,
"Big pai, big filho",The son of bigfoot,Imagem,11/2/2017,Bélgica,Animação,livre,424,  4.249.740 ,  313.965 ,   ,
Historietas assombradas - O filme,Historietas assombradas - O filme,Vitrine,11/2/2017,Brasil,Animação,livre,212,  474.299 ,  34.103 ,   ,
Missão cegonha,Richard the stork,Playarte,10/26/2017,Alemanha/ Bélgica/ EUA,Animação,Livre,196,  944.759 ,  71.162 ,   ,
Aventuras do Capitão Cueca - O filme,Captain underpants: The First Epic Movie,Fox,10/12/2017,EUA,Animação,Livre,582,  8.633.560 ,  571.543 ,   ,
Garoto fantasma,Phantom boy,Imovision,10/12/2017,França/ Belgica,Animação,10,1,  1.743 ,  105 ,   ,
Your name,Kimi no na wa,Independente,10/11/2017,Japão,Animação,livre,35,  212.056 ,  14.307 ,   ,
Pica-Pau,Woody Woodpecker,Universal,10/5/2017,EUA,Animação,livre,728,  21.131.000 ,  1.635.280 ,   ,
My little pony - O filme,My little pony - the movie,Paris,10/5/2017,EUA,Animação,livre,405,  1.788.240 ,  134.266 ,   ,
"Que será de nozes 2, O",The Nut Job 2: Nutty by nature,Diamond Films,9/14/2017,Canadá/ EUA,Animação,Livre,226,  1.398.480 ,  110.551 ,   ,
Lino - O filme,Lino - O filme,Fox,9/7/2017,Brasil,Animação,Livre,446,  4.349.910 ,  318.233 ,   ,
Emoji - O filme,The Emoji Movie,Sony,8/31/2017,EUA,Animação,Livre,854,  23.663.300 ,  1.694.482 ,   ,
"Família feliz, Uma",Happy Family,Paris,8/17/2017,Alemanha,Animação,livre,356,  2.049.130 ,  148.054 ,   ,
"Reino Gelado: Fogo e gelo, O",Snezhnaya koroleva 3. Ogon i led,California,8/10/2017,Russia,Animação,livre,256,  1.593.640 ,  125.679 ,   ,
Carros 3,Cars 3,Disney,7/13/2017,Espanha/ França/ Suíça,Animação,livre,1156,  34.554.900 ,  2.527.185 ,   ,
"Aventuras do pequeno Colombo, As","Aventuras do pequeno Colombo, As",DTF/Paris,7/6/2017,Brasil,Animação,livre,26,  33.161 ,  2.406 ,   ,
Meu malvado favorito 3,Despicable me 3,Universal,6/29/2017,EUA,Animação,livre,1319,  126.007.000 ,  8.996.130 ,   ,
Bruxarias,Brujerias,Galeria Distribuidora,6/22/2017,Espanha,Animação,livre,13,  12.477 ,  1.373 ,   ,
Café - Um dedo de prosa,Café - Um dedo de prosa,Polifilmes/Spcine,6/8/2017,Brasil,Animação,10,nd,nd,nd,   ,
"Aventuras de Ozzy, As",Ozzy,Playarte,6/1/2017,Espanha,Animação,livre,259,  2.493.910 ,  183.254 ,   ,
Rock dog - No faro do sucesso,Rock dog,Paris,5/4/2017,China/ EUA,Animação,livre,323,  1.443.740 ,  106.510 ,   ,
"Smurfs e a vila perdida, Os",Smurfs: The lost village,Sony,4/6/2017,EUA,Animação,livre,872,  20.854.100 ,  1.468.260 ,   ,
Bugigangue no espaço,Bugigangue no espaço,Imagem,2/23/2017,Brasil,Animação,livre,246,  1.535.680 ,  113.928 ,   ,
"Tartaruga vermelha, A",The red turtle,Sony,2/16/2017,Japão/França,Animação,livre,5,  34.016 ,  2.840 ,   ,
Minha vida de abobrinha,Ma vie de Courgette,California,2/16/2017,França/ Suiça,Animação,10,13,  30.770 ,  2.486 ,   ,
Lego Batman,The Lego Batman Movie,Warner,2/9/2017,EUA,Animação,livre,777,  19.787.000 ,  1.343.347 ,   ,
"Bailarina, A", Ballerina,Paris,1/26/2017,Canadá/ França,Animação,livre,463,  7.617.960 ,  546.984 ,   ,
Moana - Um mar de aventuras,Moana,Disney,1/5/2017,EUA,Animação,livre,1211,  71.610.700 ,  5.149.077 ,   ,
"Origem do dragão, A",Birth of the dragon,Imagem,12/28/2017,EUA,Ação,12,119,  422.824 ,  31.463 ,   ,
"Vilã, A",The villainess,Paris,11/23/2017,Coréia do Sul,Ação,16,23,  81.361 ,  4.618 ,   ,
Liga da Justiça,Justice league,Warner,11/16/2017,EUA,Ação,12,1582,  131.218.000 ,  8.416.544 ,   ,
Terra selvagem,Wind river,California,11/2/2017,Reino Unido/ EUA,Ação,16,57,  767.847 ,  40.153 ,   ,
Thor: Ragnarok,Thor: Ragnarok,Disney,10/26/2017,EUA,Ação,12,1565,  99.924.700 ,  6.371.808 ,   ,
Tempestade - Planeta em fúria,Geostorm,Warner,10/19/2017,EUA,Ação,12,602,  14.327.700 ,  914.177 ,   ,
Kingsman - O círculo dourado,Kingsman: The golden circle,Fox,9/28/2017,EUA,Ação,16,840,  16.424.100 ,  1.032.044 ,   ,
Atômica,Atomic blonde,Universal,8/31/2017,EUA,Ação,16,502,  5.831.110 ,  376.446 ,   ,
Dupla Explosiva,The Hitman's Bodyguard,California,8/31/2017,EUA,Ação,14,389,  3.577.890 ,  244.358 ,   ,
"Torre Negra, A",The Dark Tower,Sony,8/24/2017,EUA,Ação,12,683,  12.633.900 ,  906.851 ,   ,
Marvel's Inhumans ,Marvel's Inhumans ,Distribuição Própria,8/24/2017,EUA,Ação,12,0,  102.401 ,  5.005 ,   ,
Dunkirk,Dunkirk,Warner,7/27/2017,EUA,Ação,14,476,  14.425.100 ,  794.493 ,   ,
Em ritmo de fuga,Baby Driver,Sony,7/27/2017,Reino Unido,Ação,14,402,  9.015.990 ,  590.987 ,   ,
Transformers: O último cavaleiro,Transformers: The last knight,Paramount,7/20/2017,EUA,Ação,12,1145,  42.714.800 ,  2.853.206 ,   ,
Homem-Aranha: De volta ao lar,Spider-man - Homecoming,Sony,7/6/2017,EUA,Ação,12,1546,  102.686.000 ,  6.715.848 ,   ,
"Múmia, A",The mummy,Universal,6/8/2017,EUA,Ação,12,1102,  47.432.100 ,  3.054.033 ,   ,
Z - A cidade perdida,The Lost City of Z,Imagem,6/1/2017,EUA,Ação,14,134,  595.042 ,  36.770 ,   ,
Logan noir,Logan noir,Fox,5/29/2017,EUA,Ação,16,25,  32.853 ,  1.770 ,   ,
Velozes e furiosos 8,The Fate of the Furious,Universal,4/13/2017,EUA,Ação,14,1512,  133.420.000 ,  8.504.737 ,   ,
"Vigilante do Amanhã: Ghost in the shell, A",Ghost in the Shell,Paramount,3/30/2017,EUA,Ação,14,768,  12.220.900 ,  736.002 ,   ,
Power Rangers,Power Rangers,Paris,3/23/2017,EUA,Ação,10,841,  15.851.000 ,  1.233.619 ,   ,
Logan,Logan,Fox,3/2/2017,EUA,Ação,16,1288,  91.226.300 ,  6.439.753 ,   ,
"Grande muralha, A",The Great Wall,Universal,2/23/2017,EUA,Ação,14,814,  27.179.500 ,  1.717.210 ,   ,
Monster Trucks,Monster Trucks,Paramount,2/23/2017,EUA,Ação,livre,493,  4.553.700 ,  340.323 ,   ,
John Wick 2 - Um novo dia para matar,John Wick 2,Paris,2/16/2017,EUA,Ação,16,372,  7.747.380 ,  550.981 ,   ,
Vale da luta,Fight Valley,Elite Filmes,2/9/2017,EUA,Ação,14,3,  1.951 ,  166 ,   ,
Resident Evil 6 - O capítulo final,Resident Evil: The Final Chapter,Sony,1/26/2017,EUA,Ação,14,699,  18.981.100 ,  1.221.571 ,   ,
Max Steel,Max Steel,Imagem,1/26/2017,EUA,Ação,10,175,  681.964 ,  52.108 ,   ,
xXx - Reativado,XXX - The return of Xander Cage,Paramount,1/19/2017,EUA,Ação,14,783,  19.601.900 ,  1.297.093 ,   ,
Assassin's Creed,Assassin's Creed,Fox,1/12/2017,EUA/França/Reino Unido,Ação,12,902,  32.695.500 ,  2.071.518 ,   ,
Santo Amaro era skatista,Santo Amaro era skatista,Documenta Filmes,12/14/2017,Brasil,,12,nd,nd,nd,   ,
O piano que conversa,O piano que conversa,MMTV,9/21/2017,Brasil,,livre,nd,nd,nd,   ,
El Mate,El Mate,Vagabundo Filmes,8/17/2017,Brasil,,16,nd,nd,nd,   ,
Estopô Balaio,Estopô Balaio,Bela Filmes,3/16/2017,Brasil,,10,nd,nd,nd,   ,
História antes de uma história,História antes de uma história,Polifilmes/Spcine,3/16/2017,Brasil,,livre,nd,nd,nd,   ,
,,,,,,,,,,,
,,,,,,,,,,,
,,,,,,,,,,,
Invasão Zumbi,Train to busan,Paris,12/29/2016,Coréia do Sul,Ação,,384,  3.639.140 ,  290.078 ,   ,
Animais noturnos,Nocturnal animals,Universal,12/29/2016,EUA,Drama,,67,  1.675.080 ,  93.610 ,   ,
Estados unidos pelo amor,Zjednoczone Stany Mi&#322;osci,Imovision,12/29/2016,Suécia/Polônia,Drama,,8,  75.899 ,  5.716 ,   ,
Minha mãe é uma peça 2,Minha mãe é uma peça 2,DTF/Paris,12/22/2016,Brasil,Comédia,12,1231,  89.279.600 ,  6.566.550 ,   ,
Sing - Quem canta seus males espanta,Sing,Universal,12/22/2016,EUA,Animação,Livre,999,  15.161.200 ,  1.204.542 ,   ,
Capitão fantástico,Captain fantastic,Universal,12/22/2016,EUA,Drama,14,46,  1.269.040 ,  73.934 ,   ,
"Que está por vir, O",L'avenir,Zeta Filmes,12/22/2016,Alemanha,Drama,14,15,  195.305 ,  14.363 ,   ,
Belos sonhos,Fai bei sogni,Mares Filmes,12/22/2016,Itália/ França,Drama,,22,  90.795 ,  7.286 ,   ,
"Última lição, A",La Dernière Leçon,Esfera,12/22/2016,França,Drama,,8,  26.564 ,  2.277 ,   ,
"Lamento, O",Goksung,California,12/22/2016,Coréia do Sul,Suspense,,4,  2.720 ,  219 ,   ,
Rogue One - Uma história Star Wars,Rogue One: A Star Wars Story,Disney,12/15/2016,EUA,Ficção-científica,,1379,  8.870.690 ,  536.160 ,   ,
Sully - O herói do rio Hudson,Sully,Warner,12/15/2016,EUA,Drama,,264,  1.535.650 ,  79.249 ,   ,
Neruda,Neruda,Imovision,12/15/2016,Chile/ França/ EUA,Biografia,,34,  221.556 ,  15.456 ,   ,
Sieranevada,Sieranevada,Mares Filmes,12/15/2016,Romênia/ França/ Bélgica,Drama,,12,  22.646 ,  1.806 ,   ,
Nas estradas do Nepal,Kalo Pothi,Esfera,12/15/2016,Noruega,Drama,,4,  18.526 ,  1.561 ,   ,
Teresinha,Teresinha,Paris,12/15/2016,Brasil,Documentário,Livre,5,  604 ,  35 ,   ,
Magal e os formigas,Magal e os formigas,Europa,12/15/2016,Brasil,Comédia,12,17,  419 ,  24 ,   ,
"Vendedor de sonhos, O","Vendedor de sonhos, O",Warner,12/8/2016,Brasil,Drama,,384,  986.151 ,  80.071 ,   ,
Masha e o urso,Masha e o urso,Paris,12/8/2016,Brasil,Animação,,503,  165.335 ,  17.495 ,   ,
"Última ressaca do ano, A",Office christmas party,Paramount,12/8/2016,EUA,Comédia,,293,  95.578 ,  9.057 ,   ,
Blow-up,Blow-up,Zeta Filmes,12/8/2016,Reino Unido/ EUA,Drama,,19,  29.276 ,  2.091 ,   ,
Fallen,Fallen,H2O Films,12/8/2016,EUA,Aventura,,430,  4.069 ,  566 ,   ,
Como você é,As you are,Supo Mungam Films,12/8/2016,EUA,Drama,,13,  4.010 ,  477 ,   ,
"Amor no divã, O","Amor no divã, O",Galeria Distribuidora,12/8/2016,Brasil,Comédia,,41,  680 ,  92 ,   ,
Para sempre,Para sempre,Canzion Films Brasil,12/8/2016,EUA,Drama,12,31,  272 ,  23 ,   ,
Michelle e Obama,Southside with you,Imagem,12/8/2016,EUA,Drama,,30,  191 ,  23 ,   ,
Anjos da noite - Guerras de sangue,Underworld - Blood wars,Sony,12/1/2016,EUA,Ação,,675,  249.723 ,  19.380 ,   ,
"Aventuras de Robinson Crusoé, As",Robinson Crusoe,Imagem,12/1/2016,EUA,Animação,,287,  32.085 ,  3.525 ,   ,
Ninguém deseja a noite,Nadie quiere la noche,Mares Filmes,12/1/2016,Espanha/ França,Biografia,,20,  6.679 ,  809 ,   ,
Viva,Viva,Elite Filmes,12/1/2016,Cuba,Drama,,9,  3.412 ,  371 ,   ,
Mundos opostos,Enas allos kosmos,Playarte,12/1/2016,Grécia,Drama,,50,  2.226 ,  268 ,   ,
Sangue do meu sangue,Sangue del mio sangue,Fênix Filmes,12/1/2016,Itália/ França,Drama,,13,  2.117 ,  229 ,   ,
"Filho eterno, O","Filho eterno, O",Sony,12/1/2016,Brasil,Drama,,69,  2.065 ,  239 ,   ,
"Economia do amor, A",L'Économie du couple,Imovision,12/1/2016,Bélgica/ França,Drama,,17,  653 ,  54 ,   ,
"Chegada, A",Arrival,Sony,11/24/2016,EUA,Ficção-científica,,303,  709.254 ,  33.499 ,   ,
Elis,Elis,DTF/Paris,11/24/2016,Brasil,Drama,,256,  450.285 ,  30.353 ,   ,
Jack Reacher - Sem retorno,Jack Reacher: Never Go Back,Paramount,11/24/2016,EUA,Ação,12,377,  49.376 ,  3.315 ,   ,
É apenas o fim do mundo,Juste la fin du monde,California,11/24/2016,Canadá/ França,Drama,,10,  10.718 ,  1.082 ,   ,
Rainha de Katwe,Queen of Katwe,Disney,11/24/2016,EUA,Drama,,36,  2.404 ,  259 ,   ,
Animais fantásticos e onde habitam,Fantastic Beasts and Where to Find Them,Warner,11/17/2016,Reino Unido,Aventura,,1425,  647.079 ,  44.551 ,   ,
Elle,Elle,Sony,11/17/2016,França/Alemanha,Suspense,,32,  225.352 ,  15.239 ,   ,
Nascida de novo,Nascida de novo,Distribuição Própria,11/17/2016,Brasil,Drama,,2,  16.717 ,  1.358 ,   ,
BR 716,BR 716,Pipoca & Filmes / Forte Filmes,11/17/2016,Brasil,Drama,14,10,  12.492 ,  849 ,   ,
"Confissões, As",Le confessioni,Mares Filmes,11/17/2016,Itália,Drama,,18,  4.377 ,  522 ,   ,
Depois da tempestade ,Umi yori mo mada fukaku,Imovision,11/17/2016,Japão,Documentário,,21,  1.958 ,  248 ,   ,
Coragem,Coragem,Boulevard Filmes,11/17/2016,Brasil/ França,Documentário,,1,  1.760 ,  159 ,   ,
Creepy,Creepy,Zeta Filmes,11/17/2016,Japão,Suspense,,7,  1.266 ,  152 ,   ,
"Estado de liberdade, Um",The Free State of Jones,Paris,11/17/2016,EUA,Suspense,,42,  1.125 ,  135 ,   ,
Sob pressão,Sob pressão,H2O Films,11/17/2016,Brasil,Ação,,71,  680 ,  165 ,   ,
Maresia,Maresia,EH Filmes,11/17/2016,Brasil,Drama,,6,  273 ,  27 ,   ,
Snowden - Herói ou traidor,Snowden,Disney,11/10/2016,EUA/ França,Sobrenatural,livre,88,  32.975 ,  1.890 ,   ,
Horizonte Profundo - Desastre no Golfo,Deepwater Horizon,Paris,11/10/2016,EUA,Ação,,291,  5.346 ,  624 ,   ,
"Plano de Maggie, O",Maggie's plan,Sony,11/10/2016,EUA,Drama,,18,  2.556 ,  182 ,   ,
Much loved,Much loved,Imovision,11/10/2016,França/ Marrocos,Drama,,6,  1.904 ,  305 ,   ,
Quando o dia chegar,Der kommer en dag,California,11/10/2016,Dinamarca,Drama,,5,  1.375 ,  160 ,   ,
"Nascimento de uma nação, O",The Birth of a Nation,Fox,11/10/2016,EUA,Drama,,11,  673 ,  115 ,   ,
Pequeno segredo,Pequeno segredo,Diamond Films,11/10/2016,Brasil,Drama,,250,  421 ,  42 ,   ,
Doutor Estranho,Doctor Strange,Disney,11/3/2016,EUA,Ação,12,1292,  42.170 ,  2.932 ,   ,
13 minutos,Elser: Er hätte die Welt verändert,Mares Filmes,11/3/2016,Alemanha,Drama,,27,  5.276 ,  535 ,   ,
Estranhos no paraiso,Stranger than paradise,Zeta Filmes,11/3/2016,Alemanha/ EUA,Drama,,8,  1.947 ,  244 ,   ,
Dentro da caixinha,Dentro da caixinha,Cineart Filmes,11/3/2016,Brasil,Fantasia,,1,  665 ,  95 ,   ,
Cinema novo,Cinema novo,Vitrine,11/3/2016,Brasil,Documentário,,15,  515 ,  60 ,   ,
"Luz entre oceanos, A",The Light Between Oceans,Paris,11/3/2016,EUA,Drama,,92,  438 ,  55 ,   ,
Indignação,Indignation,Sony,11/3/2016,EUA,Drama,,18,  403 ,  45 ,   ,
Canção da volta,Canção da volta,Pandora,11/3/2016,Brasil,Drama,14,8,  273 ,  28 ,   ,
Curumim,Curumim,Zazen,11/3/2016,Brasil,Documentário,,8,  112 ,  11 ,   ,
Trolls,Trolls,Fox,10/27/2016,EUA,Animação,,827,  37.270 ,  5.111 ,   ,
Amnesia,Amnesia,Imovision,10/27/2016,França/ Suiça,Drama,,18,  689 ,  79 ,   ,
Romance à francesa,Caprice,Mares Filmes,10/20/2016,França,Comédia,,16,  3.768 ,  434 ,   ,
"Jovens, loucos e mais rebeldes!!",Everybody wants some!!,California,10/20/2016,EUA,Comédia,,7,  537 ,  63 ,   ,
Kóblic,Kóblic,Paris,10/13/2016,Argentina,Drama,14,56,  5.123 ,  476 ,   ,
Noite de verão em Barcelona,"Barcelona, Nit d'Estiu",Pandora,10/13/2016,Espanha,Drama,,8,  2.131 ,  238 ,   ,
Inferno - O filme,Inferno,Sony,10/13/2016,EUA/ Japão,Suspense,14,824,  1.666 ,  100 ,   ,
"Shaolin do sertão, O","Shaolin do sertão, O",DTF/Paris,10/13/2016,Brasil,Comédia,,28,  144 ,  30 ,   ,
Humano - Uma viagem pela vida,Human,SATO Company,10/6/2016,França,Documentário,12,8,  1.893 ,  276 ,   ,
Irmã,Little sister,Supo Mungam Films,10/6/2016,EUA,Comédia,16,3,  836 ,  96 ,   ,
É fada,É fada,Imagem,10/6/2016,Brasil,Comédia,12,659,  494 ,  76 ,   ,
"Lar das crianças peculiares, O",Miss Peregrine´s Home for Peculiar Children,Fox,9/29/2016,EUA,Aventura,12,748,  6.632 ,  777 ,   ,
Demônio de neon,The neon demon,California,9/29/2016,EUA/ França,Terror,16,3,  642 ,  201 ,   ,
"Passageira, A",Magallanes,Esfera,9/29/2016,Peru,Drama,,6,  640 ,  66 ,   ,
Cegonhas - A história que não te contaram,Storks,Warner,9/22/2016,EUA,Animação,Livre,814,  2.383 ,  339 ,   ,
Belas famílias,Belles familles,Pandora,9/22/2016,França,Comédia,12,4,  481 ,  53 ,   ,
Meu rei ,Mon Roi,Mares Filmes,9/15/2016,França,Drama,14,9,  228 ,  25 ,   ,
Aquarius,Aquarius,Vitrine,9/1/2016,Brasil/ França,Drama,16,103,  14.123 ,  1.058 ,   ,
Loucas de alegria,La pazza gioia,Imovision,9/1/2016,França/ Itália,Comédia,14,18,  1.523 ,  191 ,   ,
"Comunidade, A",Kollektivet,California,9/1/2016,Dinamarca/ Suécia,Drama,14,6,  865 ,  92 ,   ,
Café society,Café society,Imagem,8/25/2016,EUA,Drama,12,109,  3.067 ,  199 ,   ,
Pets - A vida secreta dos bichos,The secret life of pets,Universal,8/25/2016,EUA,Animação,Livre,1210,  585 ,  60 ,   ,
Mercuriales,Mercuriales,Supo Mungam Films,8/18/2016,França,Drama,18,2,  1.416 ,  112 ,   ,
Esperando acordada,Les chaises musicales,Pandora,8/18/2016,França,Comédia,10,11,  176 ,  18 ,   ,
Amor & Amizade,Love and friendship,California,8/11/2016,EUA,Romance,10,35,  2.165 ,  252 ,   ,
"Viagem de meu pai, A",Floride,Mares Filmes,8/11/2016,França,Comédia,12,15,  500 ,  51 ,   ,
Esquadrão Suicida,Suicide Squad,Warner,8/4/2016,EUA,Ação,12,1436,  6.483 ,  342 ,   ,
"Loucura entre nós, A","Loucura entre nós, A",Distribuição Própria,8/4/2016,Brasil,Documentário,Livre,6,  3.870 ,  193 ,   ,
"Cavaleiros brancos, Os",Les chevaliers blancs,Imovision,8/4/2016,Bélgica,Drama,12,5,  657 ,  77 ,   ,
Mãe só há uma,Mãe só há uma,Vitrine,7/21/2016,Brasil,Drama,16,44,  351 ,  28 ,   ,
"Dia perfeito, Um",A perfect day,Esfera,7/21/2016,Espanha,Drama,12,5,  117 ,  7 ,   ,
Caça-fantasmas,Ghostbusters,Sony,7/14/2016,EUA,Ação,10,875,  390 ,  40 ,   ,
"Era do gelo - O big bang, A",Ice Age 5: Collision course,Fox,7/7/2016,EUA,Animação,Livre,1161,  2.883 ,  441 ,   ,
Menino 23 - Infâncias perdidas no Brasil,Menino 23 - Infâncias perdidas no Brasil,Elo Company,7/7/2016,Brasil,Documentário,10,9,  632 ,  74 ,   ,
Janis - Little girl blue,Janis - Little girl blue,Zeta Filmes,7/7/2016,EUA,Documentário,14,24,  377 ,  35 ,   ,
Procurando Dory,Finding Dory,Disney,6/30/2016,EUA,Animação,livre,1275,  1.595 ,  246 ,   ,
Incompreendida,Incompresa,Imovision,6/30/2016,França/ Itália,Drama,16,6,  1.216 ,  134 ,   ,
"Montanhas se separam, As",Mountains May Depart,Imovision,6/23/2016,China/ França,Drama,12,7,  257 ,  22 ,   ,
Na ventania,Risttuules,Zeta Filmes,6/16/2016,Estonia,Drama,12,2,  346 ,  39 ,   ,
"Tartarugas Ninja - Fora das sombras, As",Teenage Mutant Ninja Turtles 2,Paramount,6/16/2016,EUA,Aventura,10,776,  273 ,  40 ,   ,
"Odisseia de Alice, A","Fidelio, l'odyssée d'Alice",Imovision,6/9/2016,França,Comédia,12,1,  488 ,  52 ,   ,
Casamento de verdade,Jenny's wedding,Mares Filmes/Alpha Filmes,6/9/2016,EUA,Comédia - Dramática,12,24,  271 ,  45 ,   ,
"Botão de pérola, O",Le bouton de nacre,CineSesc,5/26/2016,França/Espanha/Chile/Suíça,Documentário,,0,  5.485 ,  480 ,   ,
"Valor de um homem, O",La Loi Du Marché,Imovision,5/26/2016,França,Drama,,3,  4.172 ,  509 ,   ,
Alice através do espelho,Alice In Wonderland: Through the Looking Glass,Disney,5/26/2016,EUA,Aventura,,1147,  585 ,  60 ,   ,
Jogo do dinheiro,Money monster,Sony,5/26/2016,EUA,Drama,,279,  390 ,  40 ,   ,
X-Men - Apocalipse,X-Men - Apocalypse,Fox,5/19/2016,EUA,Ação,,1318,  2.262 ,  160 ,   ,
"Anarquistas, Os",Les anarchistes,Imovision,5/19/2016,França,Drama,,11,  189 ,  22 ,   ,
Angry Birds - O filme,Angry Birds,Sony,5/12/2016,EUA,Animação,,1097,  634 ,  65 ,   ,
"Assassina, A",Nie Yinniang,Imovision,5/5/2016,China,Ação,,7,  500 ,  212 ,   ,
"Dois Rémi, dois","Deux Rémi, Deux",Supo Mungam Films,4/28/2016,França,Drama,,4,  924 ,  79 ,   ,
Capitão América - Guerra civil,Captain America: Civil War,Disney,4/28/2016,EUA,Ação,,1627,  757 ,  96 ,   ,
"Que eu fiz para merecer isso, O",Une heure de tranquillité,Mares Filmes,4/28/2016,França,Comédia,,16,  672 ,  73 ,   ,
Nise - O coração da loucura,Nise - O coração da loucura,Imagem,4/21/2016,Brasil,Drama,,56,  2.269 ,  229 ,   ,
No mundo da lua,Capture the flag,Paramount,4/21/2016,Espanha,Animação,,338,  1.131 ,  95 ,   ,
"História de loucura, Uma",Une histoire de fou,Imovision,4/21/2016,França,Drama,,3,  319 ,  38 ,   ,
Sinfonia da necrópole,Sinfonia da necrópole,Vitrine,4/14/2016,Brasil,Comédia,,5,  253 ,  52 ,   ,
Quem Você Quer Ser Nessa História?,Quem Você Quer Ser Nessa História?,Distribuição Própria,4/7/2016,Brasil,Documentário,,1,  456 ,  36 ,   ,
"Juventude, A",La Giovinezza,Fênix Filmes,3/31/2016,Itália/ França,Comédia,,19,  1.039 ,  108 ,   ,
Nos passos do mestre,Nos passos do mestre,Vitrine,3/24/2016,Brasil,Drama,,7,  928 ,  139 ,   ,
Zootopia - Essa cidade é o bicho,Zootopia,Disney,3/17/2016,EUA,Animação,,963,  3.153 ,  234 ,   ,
Papéis ao vento,Papeles en el viento,Lança Filmes,3/17/2016,Argentina,Comédia,,1,  1.260 ,  102 ,   ,
Ressurreição,Risen,Sony,3/17/2016,EUA,Drama,,344,  1.129 ,  193 ,   ,
Cemitério do esplendor,Rak ti Khon Kaen,Zeta Filmes,3/17/2016,Tailândia/Reino Unido/Alemanha/França/Malásia,Drama,,4,  306 ,  39 ,   ,
Astrágalo,L'Astragale,Imovision,3/10/2016,França,Drama,,3,  208 ,  23 ,   ,
White God,Fehér Isten,Imovision,2/25/2016,Hungria,Drama,,3,  553 ,  65 ,   ,
Deuses do Egito,Gods of Egypt,Paris,2/25/2016,EUA,Ação,,848,  292 ,  40 ,   ,
"Filho de Saul, O",Saul Fia,Sony,2/4/2016,Hungria,Drama,,18,  632 ,  50 ,   ,
Epa! Cadê o Noé?,Ooops! Noah is Gone...,Paris,2/4/2016,Alemanha/ Bélgica/ EUA,Animação,,225,  585 ,  100 ,   ,
Pai em dose dupla,Daddy's Home,Paramount,1/28/2016,EUA,Comédia,,399,  495 ,  36 ,   ,
Anomalisa,Anomalisa,Paramount,1/28/2016,EUA,Animação,,16,  343 ,  29 ,   ,
"Oito odiados, Os",The Hateful Eight,Diamond Films,1/7/2016,EUA,Faroeste,,411,  480 ,  38 ,   ,
Macbeth: Ambição & guerra,Macbeth,Diamond Films,12/24/2015,Reino Unido/França/EUA,Drama,,33,  810 ,  55 ,   ,
Eu sou Ingrid Bergman,Jag ar Ingrid,Zeta Filmes,12/24/2015,Suécia,Documentário,,12,  546 ,  62 ,   ,
Morangos silvestres,Smultronstället,Zeta Filmes/FJ Cines,11/26/2015,Suécia,Drama,,7,  1.239 ,  221 ,   ,
"Reino gelado 2, O",Snow Queen 2,California,11/12/2015,Russia,Animação,,346,  2.125 ,  359 ,   ,
"Travessia, A (2014)",The Walk,Sony,10/8/2015,EUA,Drama,12,257,  312 ,  38 ,   ,
Perdido em Marte,The Martian,Fox,10/1/2015,EUA,Ação,,653,  585 ,  100 ,   ,
"Clube, O",El club,Imovision,10/1/2015,Chile,Drama,16,14,  228 ,  23 ,   ,
"Pele de Vênus, A",La Vénus à la fourrure,California,9/24/2015,França/ Polônia,Drama,,28,  215 ,  43 ,   ,
Love,Love,Imovision,9/10/2015,França,Drama,,48,  1.212 ,  122 ,   ,
Homem comum,Homem comum,Vitrine,9/10/2015,Brasil,Documentário,,6,  727 ,  105 ,   ,
Você acredita?,Do You Believe?,California,9/3/2015,EUA,Drama,12,179,  731 ,  75 ,   ,
Homem Irracional,Irrational Man,Imagem,8/27/2015,EUA,Drama,,72,  1.584 ,  77 ,   ,
"Pequeno príncipe, O",Le petit prince,Paris,8/20/2015,França,Animação,Livre,538,  1.866 ,  319 ,   ,
"Sétimo selo, O",Det Sjunde Inseglet,Zeta Filmes,7/23/2015,Suécia,Drama,,9,  1.974 ,  297 ,   ,
Phoenix,Phoenix,Imovision,7/9/2015,Alemanha,Drama,,3,  540 ,  62 ,   ,
Divertida mente,The Inside Out,Disney,6/18/2015,EUA,Animação,Livre,877,  2.130 ,  174 ,   ,
"Vendedor de passados, O","Vendedor de passados, O",Imagem/Conspiração,5/21/2015,Brasil,Suspense,12,213,  402 ,  47 ,   ,
Últimas conversas,Últimas conversas,Video Filmes/Espaço Filmes,5/7/2015,Brasil,Documentário,12,14,  162 ,  20 ,   ,
Cake - Uma razão para viver,Cake,California,4/30/2015,EUA,Drama,,40,  26.399 ,  1.559 ,   ,
Pássaro branco na nevasca ,White Bird in a Blizzard,Imovision,4/23/2015,EUA/ França,Drama,,14,  455 ,  55 ,   ,
Noites brancas no píer,Nuits Blanches sur la Jetée,Supo Mungam Films,4/9/2015,França,Drama,10,2,  137 ,  14 ,   ,
Vai-Vai - 80 anos nas ruas,Vai-Vai - 80 anos nas ruas,MA7 Filmes,2/26/2015,Brasil,Documentário,Livre,1,  2.470 ,  242 ,   ,
Nick Cave - 20.000 dias na Terra,20.000 Days on Earth,Zeta Filmes,2/12/2015,Reino Unido,Documentário,14,5,  324 ,  36 ,   ,
Ida,Ida,Zeta Filmes,12/25/2014,Polônia/Dinamarca,Drama,,2,  214 ,  22 ,   ,
Brincante,Brincante,Espaço Filmes/Gullane,12/4/2014,Brasil,Documentário,,0,  208 ,  22 ,   ,
Relatos selvagens,Relatos salvajes,Warner,10/23/2014,Argentina/ Espanha,Suspense,,0,  21.206 ,  1.510 ,   ,
"Pequeno fugitivo, O",Little Fugitive,Espaço Filmes,9/25/2014,EUA,Comédia,,0,  464 ,  54 ,   ,
"Cavaleiros do Zodíaco - A lenda do santuário, Os",Saint Seya : Legend of Sanctuary,Diamond Films,9/11/2014,Japão,Animação,,0,  13.876 ,  883 ,   ,
Magia ao luar,Magic in the Moonlight,Imagem,8/28/2014,EUA,Comédia,,0,  2.151 ,  115 ,   ,
Heli,Heli,Zeta Filmes,5/22/2014,México/França/Alemanha/Holanda,Drama,18,0,  190 ,  26 ,   ,
Praia do Futuro,Praia do Futuro,California,5/15/2014,Brasil/Alemanha,Drama,14,0,  604 ,  64 ,   ,
Blue Jasmine,Blue Jasmine,Imagem,11/15/2013,EUA,Comédia,12,0,  993 ,  49 ,   ,
"Belos dias, Os",Le beaux jours,Imovision,10/11/2013,França,Comédia,14,0,  2.465 ,  351 ,   ,
Fragmentos de paixão,Fragmentos de paixão,Distribuição Própria,10/11/2013,Brasil,Documentário,Livre,0,  1.980 ,  109 ,   ,
"Capital, O",Le capital,Paris,10/4/2013,França,Drama,,0,  2.441 ,  348 ,   ,
"Família, A",The Family,Paris,9/20/2013,EUA/ França,Policial,16,0,  1.837 ,  393 ,   ,
Por que voce partiu?,Por que você partiu?,Imovision,8/16/2013,Brasil,Documentário,10,0,  709 ,  68 ,   ,
Circulo de fogo,Pacific Rim,Warner,8/9/2013,EUA,Ficção-científica,12,0,  483 ,  45 ,   ,
"Smurfs 2, Os ",The Smurfs 2,Sony,8/2/2013,EUA,Infantil,Livre,0,  2.831 ,  464 ,   ,
"Cidade é uma só, A","Cidade é uma só, A",Vitrine,7/12/2013,Brasil,Documentário,10,0,  112 ,  17 ,   ,
Tabu,Tabu,Espaço Filmes,6/28/2013,Brasil/Portugal/Alemanha/França,Drama,18,0,  549 ,  190 ,   ,
"Quarteto, O",Quartet,Diamond Films,3/8/2013,Reino Unido,Comédia,,0,  158 ,  13 ,   ,
"Caverna dos sonhos esquecidos, A",Cave of Forgotten Dreams,Zeta Filmes,1/25/2013,EUA,Documentário,14,0,  280 ,  32 ,   ,
E se vivessemos todos juntos?,Et si on vivait tous ensemble?,Imovision,10/12/2012,Alemanha/ França,Comédia,,0,  2.449 ,  348 ,   ,
"Arte de Amar, A",L'art d'aimer,Vinny Filmes,9/21/2012,França,Comédia,,0,  1.065 ,  70 ,   ,
Resident Evil 5 35,Resident Evil: Retribution,Sony,9/14/2012,EUA,Romance,16,0,  11.438 ,  1.085 ,   ,
Fausto,Faust,Imovision,6/29/2012,Russia,Drama,14,0,  2.048 ,  317 ,   ,
"Musica segundo Tom Jobim, A","Musica segundo Tom Jobim, A",Sony,1/20/2012,Brasil,Documentário,,0,  120 ,  23 ,   ,
Planeta dos macacos: A origem,Rise of the Planet of the Apes,Fox,8/26/2011,EUA,Aventura,12,0,  876 ,  72 ,   ,
"Smurfs, Os - 3D",The Smurfs,Sony,8/5/2011,EUA,Comédia,LIVRE,0,  2.890 ,  187 ,   ,
Sobrenatural,Insidious,Playarte,4/21/2011,EUA,Horror,12,0,  359 ,  29 ,   ,
"Lugar ao sol, Um","Lugar ao sol, Um",Própria,2/26/2010,Brasil,Documentário,Livre,0,  146 ,  20 ,   ,
Amantes,Two Lovers,MovieMobz/Riofilme,8/28/2009,EUA,Romance,,0,  1.517 ,  108 ,   ,
Vicky Cristina Barcelona,Vicky Cristina Barcelona,Imagem,11/14/2008,Espanha/ EUA,Comédia,12,0,  749 ,  40 ,   ,
"Verdade inconveniente, Uma",An Inconvenient Truth,UIP,11/2/2006,EUA,Documentário,12,0,  473 ,  26 ,   ,
Piratas do Caribe 2 - O baú da morte,Pirates of the Caribbean - Dead´s Man Chest,Buena Vista,7/21/2006,EUA,Aventura,12,0,  926 ,  60 ,   ,
Ritmo de um sonho,Hustle & Flow,UIP,3/3/2006,EUA,Drama,18,0,  182 ,  18 ,   ,
Estranhas ligações ,Carnage,Imovision,7/2/2004,França,Drama,14,0,  1.332 ,  132 ,   ,
Respiro,Respiro,Imovision,6/4/2004,Itália,Drama,14,0,  263 ,  23 ,   ,
Sylvia - Paixão além das palavras ,Sylvia,Imagem,4/9/2004,EUA,Drama,14,0,  651 ,  67 ,   ,
Raízes do Brasil - Uma cinebiografia de Sérgio Buarque de Hollanda ,Raízes do Brasil - Uma cinebiografia de Sérgio Buarque de Hollanda ,Riofilme,3/19/2004,Brasil,Documentário,Livre,0,  290 ,  17 ,   ,
Navio fantasma ,Ghost ship,Warner,2/14/2003,EUA,Terror,,0,  1.998 ,  138 ,   ,
,,,,,,,,,,,
,,,,,,,,,,,
,,,,,,,,,,,
,,,,,,,,,,,
,,,,,,,,,,,
,,,,,,,,,,,
,,,,,,,,,,,
,,,,,,,,,,,
,,,,,,,,,,,
,,,,,,,,,,,
,,,,,,,,,,,
,,,,,,,,,,,
,,,,,,,,,,,
,,,,,,,,,,,
,,,,,,,,,,,
,,,,,,,,,,,
,,,,,,,,,,,
39ª Mostra Internacional de Cinema SP,39ª Mostra Internacional de Cinema SP,Festival Filmes,10/22/2015,Brasil,,,11,  1.321 ,  138 ,,
41ª Mostra Internacional de Cinema SP 2017,41ª Mostra Internacional de Cinema SP 2017,Festival Filmes,10/20/2017,Brasil,Diversos,,8,  271.114 ,  23.439 ,,
8 1/2 Festa do Cinema Italiano,8 1/2 Festa do Cinema Italiano,Distribuição Própria,8/31/2017,Itália,Diversos,,5,  151.244 ,  10.606 ,,
Balé 2016,Balé 2016,Distribuição Própria,1/1/2016,Brasil,Ópera,,0,  801 ,  33 ,,
Balé 2017,Balé 2017,Distribuição Própria,1/1/2017,Brasil,Balé,,0,  131.334 ,  4.937 ,,
Black Sabbath: The End Of The End,Black Sabbath: The End Of The End,Distribuição Própria,9/28/2017,Reino Unido,Musical,,84,  115.301 ,  4.512 ,,
CineGastroArte 2017,CineGastroArte 2017,Distribuição Própria,9/1/2017,EUA,Animação,,0,  54.660 ,  568 ,,
Clássicos do cinema,Clássicos do cinema,Independente,1/1/2017,Brasil,Diversos,,0,  4.243 ,  766 ,,
Copa Brasil 2017,Copa Brasil 2017,Distribuição Própria,9/1/2017,Brasil,Esporte,,0,  39.811 ,  1.862 ,,
Copa do Brasil 2017,Copa do Brasil 2017,Distribuição Própria,9/1/2017,Brasil,Evento Esportivo,,0,  80.987 ,  2.721 ,,
Curta-metragem,Curta-metragem,Distribuição Própria,1/1/2015,Brasil,Curta-metragem,,0,  5.573 ,  1.783 ,,
Curta-metragem 2017,curta-metragem 2017,Distribuição Própria,1/1/2017,Brasil,Curta-metragem,,0,  27.319 ,  5.417 ,,
David Gilmour: Live At Pompeii ,David Gilmour: Live At Pompeii ,Distribuição Própria,9/7/2017,Inglaterra ,Musical,,0,  568.617 ,  20.115 ,,
Encontro de Cinema Negro Zozimo Bulbul,Encontro de Cinema Negro Zozimo Bulbul,Distribuição Própria,8/30/2017,,Diversos,,0,  9.606 ,  4.100 ,,
Especial Patrulha Canina,Especial Patrulha Canina,Distribuição Própria,7/14/2016,EUA,Animação,,0,  171.848 ,  9.194 ,,
Esporte,Esporte,Mobz,1/1/2010,,,,0,  10.515 ,  583 ,,
Festivais e Mostras,Festivais e Mostras,Festivais,11/20/2009,Afeganistão,Thriller,,0,  10.127 ,  1.674 ,,
Festivais e Mostras 2016,Festivais e Mostras 2016,Festivais,1/1/2016,Brasil,Diversos,,0,  20.115 ,  4.308 ,,
Festivais e Mostras 2017,Festivais e Mostras 2017,Festivais,1/1/2017,Brasil,Diversos,,0,  920.200 ,  85.953 ,,
Festival 20 anos,Festival 20 anos,Distribuição Própria,9/1/2014,EUA,Diversos,,0,  82.599 ,  7.359 ,,
Festival de Cinema da Nova Zelandia,Festival de Cinema da Nova Zelandia,Distribuição Própria,8/10/2017,Nova Zelândia,Diversos,,1,  66 ,  281 ,,
Festival do Rio,Festival do Rio,Festivais,9/1/2010,Brasil,,,0,  806 ,  1.564 ,,
Festival do Rio 2016,Festival do Rio 2016,Festivais,10/6/2016,Brasil,,,0,  95.514 ,  5.877 ,,
Festival do Rio 2017,Festival do Rio 2017,Festivais,10/5/2017,Brasil,,,1,  599.380 ,  69.302 ,,
Festival è tudo verdade 2017,Festival è tudo verdade 2017,Distribuição Própria,3/1/2017,Brasil,Diversos,,0,  -   ,  11.415 ,,
Festival Judaico 2017,Festival Judaico 2017,Distribuição Própria,9/1/2017,Brasil,Diversos,,0,  2.546 ,  223 ,,
Festival Varilux,Festival Varilux 2011,Festival Varilux,4/10/2014,França,Drama,,0,  1.605 ,  240 ,,
FICI 2017 - Fest. Int. Cin. Inf.,FICI 2017 - Fest. Int. Cin. Inf.,FICI - Fest. Int. Cin. Inf.,9/1/2017,Brasil,Infantil,,0,  111.311 ,  8.878 ,,
Final UEFA 2017,Final UEFA 2017,Distribuição Própria,6/1/2017,Brasil,Evento Esportivo,,2,  658.181 ,  18.177 ,,
Galinha Pintadinha mini na telona,Galinha Pintadinha mini na telona,Flix Media,12/1/2016,Brasil,Animação,,149,  912 ,  228 ,,
Indie Festival 17,Indie Festival 17,Distribuição Própria,9/14/2017,EUA,Diversos,,1,  73.315 ,  4.520 ,,
League of Legends 2017,League of Legends 2017,Distribuição Própria,3/1/2017,Brasil,Jogos,,0,  172.983 ,  6.146 ,,
Liga dos youtubers 2017,Liga dos youtubers 2017,Distribuição Própria,6/1/2017,Brasil,Jogos,,0,  11.295 ,  453 ,,
Mostra Cultural Itau 2017,Mostra Cultural Itau 2017,Distribuição Própria,8/10/2017,Brasil,Diversos,,3,  -   ,  2.059 ,,
Mostra Internacional SP,Mostra Internacional SP,Festivais,10/22/2010,Brasil,,,0,  10.682 ,  931 ,,
Mostra Internacional SP 2016,Mostra Internacional SP 2016,Festivais,10/6/2016,Brasil,,,0,  13.195 ,  1.424 ,,
Ópera 2016,Ópera 2016,Distribuição Própria,1/1/2016,Brasil,Ópera,,0,  330 ,  27 ,,
Opera 2017,Ópera 2017,Distribuição Própria,1/1/2017,Brasil,Ópera,,0,  270.651 ,  10.225 ,,
Óperas,Óperas,Mobz,1/1/2007,Brasil,Musical,10,0,  4.291 ,  178 ,,
Show / Esporte,Show / Esporte,Show/Esporte,1/1/2012,,,,0,  46.106 ,  1.857 ,,
Super Bowl 2017,Super Bowl 2017,Distribuição Própria,2/5/2017,EUA,Esporte,,44,  158.037 ,  4.192 ,,
,,,,,,,,,,,
Amanhã (Festival Varilux),Demain,Bonfilm,7/20/2017,França,Documentário,,0,  41.241 ,  3.648 ,,
"Agente muito louca, Uma (Festival Varilux)",RAID Dingue,California,7/27/2017,França/ Belgica,Comédia,,0,  54.515 ,  4.390 ,,
"Filho uruguaio, O (Festival Varilux)",Une Vie Ailleurs,Bonfilm,8/20/2017,França,Drama,,0,  82.804 ,  6.504 ,,
Coração e alma (Festival Varilux),Réparer Les Vivants,California,7/20/2017,França/ Belgica,Drama,,0,  43.566 ,  3.964 ,,
Duas garotas romanticas (Festival Varilux),Les Demoiselles De Rochefort,Distribuição Própria,7/27/2017,França,Comédia,,0,  44.927 ,  3.447 ,,
Na cama com Victoria (Festival Varilux),Victoria,California,7/27/2017,França,Comédia,,0,  74.527 ,  5.911 ,,
,,,,,,,,,,,
Death note: diversos filmes,Death note: diversos filmes,Distribuição Própria,9/1/2014,EUA,Diversos,,0,  32.107 ,  1.764 ,,
,,,,,,,,,,,
,,,,,,,,,,,
"Blade Runner, o Caçador de Andróides",Blade Runner,Park Circus,9/3/2015,EUA,Ficção-científica,,0,  638 ,  145 ,,
Drácula de Bram Stoker,Bram Stoker's Dracula,Park Circus,8/20/2015,EUA,Terror,,0,  24 ,  3 ,,
Mary Poppins,Mary Poppins,Park Circus,4/9/2015,EUA,Musical,,0,  92 ,  23 ,,
"Exorcista, O",The Exorcist,Park Circus,4/2/2015,EUA,Terror,,0,  16 ,  2 ,,
"Iluminado, O",The Shining,Park Circus,2/19/2014,EUA,Terror,,0,  48 ,  6 ,,
,,,,,,,,,,,
"Mil e uma noites: Volume 1 - O inquieto, As","Mil e uma noites: Volume 1 - O inquieto, As",Tucumán,11/12/2015,Portugal/Alemanha/França/Suíça,Drama,,7,  1.585 ,  195 ,,
"Mil e uma noites: Volume 2 - O desolado, As","Mil e uma noites: Volume 2 - O desolado, As",Tucumán,11/12/2015,Portugal/Alemanha/França/Suíça,Drama,,0,  4.920 ,  470 ,,
"Mil e uma noites: Volume 3 - O encantado, As","Mil e uma noites: Volume 3 - O encantado, As",Tucumán,11/12/2015,Portugal/Alemanha/França/Suíça,Drama,,0,  2.199 ,  236 ,,