,,,,,,,ACUMULADO,
título em português,título original,distribuidora,Renda 2018 (R$), Público 2018,Salas Abertura,Estreia, renda (R$),público
Vingadores - Guerra infinita,Avengers - Infinity war,Disney,  237.834.000 ,  14.587.731 ,2.399,26/4/18,  237.834.000 ,  14.587.731 
Os Incríveis 2,The incredibles 2,Disney,  144.981.000 ,  9.881.675 ,1.584,28/6/18,  144.981.000 ,  9.881.675 
Pantera Negra,Black Panther,Disney,  120.901.000 ,  7.488.012 ,1.459,15/2/18,  120.901.000 ,  7.488.012 
Nada a perder,Nada a perder ,DTF/Paris,  119.161.000 ,  11.985.261 ,1.170,29/3/18,  119.161.000 ,  11.985.261 
Aquaman,Aquaman,Warner,  93.244.000 ,  5.674.673 ,1.732,13/12/18,  93.244.000 ,  5.674.673 
Jurassic World - Reino ameaçado,Jurassic World - Fallen kingdom,Universal,  80.707.600 ,  5.325.016 ,1.461,21/6/18,  80.707.600 ,  5.325.016 
A freira,The nun,Warner,  76.096.700 ,  5.294.358 ,1.313,6/9/18,  76.096.700 ,  5.294.358 
Hotel Transilvânia 3 - Férias monstruosas,Hotel Transylvania 3 - Summer vacation,Sony,  74.856.100 ,  5.410.603 ,1.206,12/7/18,  74.856.100 ,  5.410.603 
Jumanji: Bem-vindo à selva,Jumanji - Welcome to the jungle,Sony,  73.947.100 ,  4.798.832 ,939,4/1/18,  73.947.100 ,  4.798.832 
Venom,Venom,Sony,  71.996.200 ,  4.624.605 ,1.512,4/10/18,  71.996.200 ,  4.624.605 
Deadpool 2,Deadpool 2,Fox,  67.062.000 ,  4.647.277 ,1.499,17/5/18,  67.062.000 ,  4.647.277 
Cinquenta tons de liberdade,Fifty shades freed,Universal,  64.372.500 ,  4.360.927 ,1.591,8/2/18,  64.372.500 ,  4.360.927 
Animais fantásticos - Os crimes de Grindelwald,Fantastic beasts - The crimes of Grindelwald,Warner,  59.168.900 ,  3.557.014 ,1.484,15/11/18,  59.168.900 ,  3.557.014 
Bohemian Rhapsody,Bohemian Rhapsody,Fox,  51.920.100 ,  2.917.786 ,617,1/11/18,  51.920.100 ,  2.917.786 
Homem-Formiga e a Vespa,Ant-Man and the Wasp,Disney,  50.010.600 ,  3.281.910 ,1.484,5/7/18,  50.010.600 ,  3.281.910 
O touro Ferdinando,Ferdinand the bull,Fox,  47.048.300 ,  3.465.627 ,966,11/1/18,  47.048.300 ,  3.465.627 
Missão: Impossivel - Efeito Fallout,Mission Impossible Fallout,Paramount,  44.573.100 ,  2.575.019 ,1.331,26/7/18,  44.573.100 ,  2.575.019 
Extraordinário,Wonder,Paris,  41.407.100 ,  2.880.667 ,877,7/12/17,  94.263.549 ,  6.665.630 
Os farofeiros,Os farofeiros,DTF/Paris,  36.699.000 ,  2.629.466 ,727,8/3/18,  36.699.000 ,  2.629.466 
"Fala sério, mãe!","Fala sério, mãe!",DTF/Paris,  31.781.100 ,  2.418.001 ,682,28/12/17,  39.873.514 ,  3.017.916 
Viva - A vida é uma festa,Coco,Disney,  30.370.600 ,  1.987.695 ,626,4/1/18,  30.370.600 ,  1.987.695 
Megatubarão,The Meg,Warner,  29.302.100 ,  1.893.731 ,874,9/8/18,  29.302.100 ,  1.893.731 
Nasce uma estrela,A star is born,Warner,  25.315.300 ,  1.405.809 ,494,11/10/18,  25.315.300 ,  1.405.809 
Um lugar silencioso,A quiet place,Paramount,  22.945.600 ,  1.506.012 ,551,5/4/18,  22.945.600 ,  1.506.012 
Maze Runner - A cura mortal,Maze Runner - The death cure,Fox,  22.583.000 ,  1.453.897 ,1.017,25/1/18,  22.583.000 ,  1.453.897 
O Grinch,The Grinch,Universal,  22.206.700 ,  1.516.488 ,877,8/11/18,  22.206.700 ,  1.516.488 
Rampage - Destruição total,Rampage,Warner,  21.098.900 ,  1.348.055 ,958,12/4/18,  21.098.900 ,  1.348.055 
Oito mulheres e um segredo,Ocean's eight,Warner,  20.775.800 ,  1.303.564 ,633,7/6/18,  20.775.800 ,  1.303.564 
PéPequeno,Smallfoot,Warner,  20.767.600 ,  1.500.582 ,882,27/9/18,  20.767.600 ,  1.500.582 
Jogador nº 1,Ready player one,Warner,  19.931.300 ,  1.164.753 ,741,29/3/18,  19.931.300 ,  1.164.753 
Halloween,Halloween,Universal,  15.843.000 ,  1.129.383 ,866,25/10/18,  15.843.000 ,  1.129.383 
Tudo por um popstar,Tudo por um popstar,DTF/Paris,  15.799.800 ,  1.191.512 ,548,11/10/18,  15.799.800 ,  1.191.512 
A forma da água,The shape of water,Fox,  15.241.200 ,  871.667 ,168,1/2/18,  15.241.200 ,  871.667 
Sobrenatural - A última chave,Insidious - The last key,Sony,  15.107.800 ,  1.077.749 ,577,18/1/18,  15.107.800 ,  1.077.749 
Tomb Raider - A origem,Tomb Raider,Warner,  14.582.600 ,  904.364 ,958,15/3/18,  14.582.600 ,  904.364 
Arranha-céu - Coragem sem limite,Skyscrape,Universal,  14.502.900 ,  955.888 ,829,12/7/18,  14.502.900 ,  955.888 
Minha vida em Marte,Minha vida em Marte,DTF/Paris,  14.456.900 ,  925.042 ,930,27/12/18,  14.456.900 ,  925.042 
Mamma Mia! Lá vamos nós de novo!,Mamma Mia! Here we go again!,Universal,  14.029.200 ,  810.042 ,598,2/8/18,  14.029.200 ,  810.042 
Os jovens titãs em ação! Nos cinemas,Teen Titans go! to the movies,Warner,  13.785.000 ,  1.020.069 ,693,30/8/18,  13.785.000 ,  1.020.069 
O protetor 2,The equalizer 2,Sony,  13.372.100 ,  852.776 ,693,16/8/18,  13.372.100 ,  852.776 
O Quebra-Nozes e os quatro reinos,The Nutcracker and the four realms,Disney,  13.103.500 ,  857.299 ,821,1/11/18,  13.103.500 ,  857.299 
Han Solo - Uma história Star Wars,Han Solo - A Star Wars story,Disney,  13.030.200 ,  711.337 ,1.325,24/5/18,  13.030.200 ,  711.337 
Pedro coelho,Peter rabbit,Sony,  12.877.900 ,  940.559 ,732,22/3/18,  12.877.900 ,  940.559 
Círculo de fogo - A revolta,Pacific rim - Uprising,Universal,  12.762.800 ,  854.960 ,819,22/3/18,  12.762.800 ,  854.960 
O predador,Predator,Fox,  12.610.000 ,  809.387 ,753,13/9/18,  12.610.000 ,  809.387 
Robin Hood - A origem,Robin Hood - Origins,Paris,  12.399.500 ,  889.900 ,598,29/11/18,  12.399.500 ,  889.900 
Detetives do Prédio Azul 2 - O mistério italiano,Detetives do Prédio Azul 2 - O mistério italiano,DTF/Paris,  12.277.100 ,  879.720 ,1.051,20/12/18,  12.277.100 ,  879.720 
Bumblebee,Bumblebee,Paramount,  11.670.600 ,  722.575 ,1.011,27/12/18,  11.670.600 ,  722.575 
Paulo - Apóstolo de Cristo,Paul - Apostle of Christ,Sony,  11.018.800 ,  776.616 ,429,3/5/18,  11.018.800 ,  776.616 
A maldição da casa Winchester,Winchester - The house that ghosts built,Paris,  10.316.900 ,  729.351 ,457,1/3/18,  10.316.900 ,  729.351 
Star Wars - Os últimos jedi,Star Wars - The last jedi,Disney,  10.196.900 ,  565.343 ,1.642,14/12/17,  63.109.702 ,  3.519.440 
The Post - A guerra secreta,The Post,Universal,  9.163.720 ,  476.775 ,235,25/1/18,  9.163.720 ,  476.775 
Uma quase dupla,Uma quase dupla,DTF/Paris,  9.152.830 ,  643.084 ,444,19/7/18,  9.152.830 ,  643.084 
O candidato honesto 2,O candidato honesto 2,DTF/Paris,  8.394.350 ,  588.369 ,737,30/8/18,  8.394.350 ,  588.369 
O destino de uma nação,Darkest hour,Universal,  8.321.120 ,  413.632 ,182,11/1/18,  8.321.120 ,  413.632 
Alfa,Alpha,Sony,  7.718.190 ,  510.144 ,470,6/9/18,  7.718.190 ,  510.144 
Gnomeu e Julieta - O mistério do jardim,Sherlock Gnomes,Paramount,  7.534.920 ,  509.530 ,577,31/5/18,  7.534.920 ,  509.530 
Três anúncios para um crime,"Three Billboards outside Ebbing, Missouri",Fox,  7.305.890 ,  393.042 ,100,15/2/18,  7.305.890 ,  393.042 
Verdade ou desafio,Truth or dare,Universal,  6.883.060 ,  502.371 ,408,3/5/18,  6.883.060 ,  502.371 
Crô em família,Crô em família,Imagem,  6.810.770 ,  484.443 ,582,6/9/18,  6.810.770 ,  484.443 
Slender man - Pesadelo sem rosto,Slender man,Sony,  6.530.590 ,  472.626 ,557,23/8/18,  6.530.590 ,  472.626 
Operação Red Sparrow,Red Sparrow,Fox,  6.104.400 ,  346.072 ,288,1/3/18,  6.104.400 ,  346.072 
Cadáver,The possession of Hannah Grace,Sony,  5.914.850 ,  437.757 ,427,29/11/18,  5.914.850 ,  437.757 
O primeiro homem,First man,Universal,  5.756.940 ,  302.439 ,444,18/10/18,  5.756.940 ,  302.439 
O mistério do relógio na parede,The house with a clock in its walls,Universal,  5.309.170 ,  379.548 ,405,20/9/18,  5.309.170 ,  379.548 
O Rei do show,The greatest showman,Fox,  5.292.810 ,  319.676 ,462,25/12/17,  9.801.457 ,  604.129 
O passageiro,The commuter,Imagem / California,  5.255.090 ,  332.242 ,391,8/3/18,  5.255.090 ,  332.242 
O que de verdade importa,The healer,Anagrama Filmes,  5.231.960 ,  350.708 ,374,27/9/18,  5.231.960 ,  350.708 
"Com amor, Simon","Love, Simon",Fox,  4.921.650 ,  325.021 ,368,5/4/18,  4.921.650 ,  325.021 
O retorno de Mary Poppins,Mary Poppins returns,Disney,  4.759.500 ,  282.251 ,657,20/12/18,  4.759.500 ,  282.251 
Goosebumps 2: Halloween assombrado,Goosebumps - Haunted halloween,Sony,  4.700.110 ,  338.358 ,418,11/10/18,  4.700.110 ,  338.358 
De repente uma familia,Instant family,Paramount,  4.682.700 ,  330.051 ,402,29/11/18,  4.682.700 ,  330.051 
Christopher Robin - Um reencontro inesquecível,Christopher Robin,Disney,  4.453.950 ,  295.598 ,299,16/8/18,  4.453.950 ,  295.598 
Exorcismos e demônios,The crucifixion,Imagem / California,  4.421.990 ,  308.757 ,433,19/4/18,  4.421.990 ,  308.757 
Não se aceitam devoluções,Não se aceitam devoluções,Fox,  4.181.990 ,  299.986 ,468,31/5/18,  4.181.990 ,  299.986 
Os parças,Os parças,DTF/Paris,  4.070.410 ,  301.440 ,334,30/11/17,  21.736.855 ,  1.606.831 
O doutrinador,O doutrinador,DTF/Paris,  3.947.200 ,  281.735 ,469,1/11/18,  3.947.200 ,  281.735 
Buscando...,Searching,Sony,  3.916.390 ,  220.675 ,197,20/9/18,  3.916.390 ,  220.675 
Vidas à deriva,Adrift,Diamond Films,  3.794.160 ,  236.189 ,487,9/8/18,  3.794.160 ,  236.189 
Paddington 2,Paddington 2,Imagem,  3.786.290 ,  273.502 ,632,1/2/18,  3.786.290 ,  273.502 
Eu só posso imaginar,I can only imagine,Paris,  3.717.880 ,  252.319 ,470,31/5/18,  3.717.880 ,  252.319 
Deus não está morto - Uma luz na escuridão,God's not dead - A light in the darkness,California,  3.711.820 ,  273.949 ,268,30/8/18,  3.711.820 ,  273.949 
Hereditário,Hereditary,Diamond Films,  3.551.980 ,  251.437 ,441,21/6/18,  3.551.980 ,  251.437 
Liga da Justiça,Justice league,Warner,  3.465.680 ,  230.370 ,1.582,16/11/17,  134.697.390 ,  8.648.062 
Fúria em alto mar,Hunter killer,Imagem / California,  3.314.200 ,  222.264 ,389,25/10/18,  3.314.200 ,  222.264 
Millennium - A garota na teia de aranha,The girl in the spider's web,Sony,  3.264.290 ,  194.749 ,311,8/11/18,  3.264.290 ,  194.749 
A noite do jogo,Game night,Warner,  3.238.270 ,  202.207 ,319,10/5/18,  3.238.270 ,  202.207 
Encantado,Charming,Imagem,  3.214.540 ,  243.174 ,526,6/12/18,  3.214.540 ,  243.174 
Maria Madalena,Mary Magdalene,Universal,  3.198.100 ,  204.333 ,381,15/3/18,  3.198.100 ,  204.333 
A casa do medo - Incidente em Ghostland,Incident in a Ghostland,Paris,  3.140.530 ,  223.841 ,294,18/10/18,  3.140.530 ,  223.841 
No olho do furacão,The hurricane heist ,Imagem / California,  3.066.610 ,  225.705 ,386,7/6/18,  3.066.610 ,  225.705 
Me chame pelo seu nome,Call me by your name,Sony,  2.942.240 ,  169.651 ,62,18/1/18,  2.942.240 ,  169.651 
Do jeito que elas querem,Book club,Paris,  2.865.180 ,  163.343 ,267,14/6/18,  2.865.180 ,  163.343 
Operação Overlord,Overlord,Paramount,  2.858.540 ,  198.613 ,366,8/11/18,  2.858.540 ,  198.613 
Entrevista com Deus,An interview with God,Imagem,  2.819.840 ,  193.307 ,239,15/11/18,  2.819.840 ,  193.307 
Duda e os gnomos,Gnome alone,Imagem,  2.801.780 ,  186.417 ,396,1/3/18,  2.801.780 ,  186.417 
Um pequeno favor,A simple favor,Paris,  2.726.730 ,  140.084 ,185,27/9/18,  2.726.730 ,  140.084 
O parque do inferno,Hell fest,Paris,  2.721.430 ,  199.055 ,295,22/11/18,  2.721.430 ,  199.055 
As viúvas,Widows,Fox,  2.679.700 ,  150.789 ,222,29/11/18,  2.679.700 ,  150.789 
O chamado do mal,Malicious,Imagem,  2.676.590 ,  194.645 ,381,6/12/18,  2.676.590 ,  194.645 
Infiltrado na Klan,Blackkklansman,Universal,  2.596.640 ,  130.788 ,42,22/11/18,  2.596.640 ,  130.788 
Uma dobra no tempo,A wrinkle in time,Disney,  2.515.500 ,  155.966 ,287,29/3/18,  2.515.500 ,  155.966 
Mentes sombrias,The darkest minds,Fox,  2.491.040 ,  179.157 ,261,16/8/18,  2.491.040 ,  179.157 
Os exterminadores do além - Contra a loira do banheiro,"Exterminadores do além - Contra a loira do banheiro, Os",Galeria Distribuidora,  2.331.180 ,  173.437 ,332,29/11/18,  2.331.180 ,  173.437 
Meu ex é um espião,The spy who dumped me,Paris,  2.282.980 ,  154.845 ,343,23/8/18,  2.282.980 ,  154.845 
Todo o dinheiro do mundo,All the money in the world,Diamond Films,  2.238.720 ,  131.285 ,323,1/2/18,  2.238.720 ,  131.285 
Trama fantasma,Phantom thread,Universal,  2.207.430 ,  114.261 ,68,22/2/18,  2.207.430 ,  114.261 
Roda gigante,Wonder wheel,Imagem,  2.165.420 ,  118.243 ,121,28/12/17,  2.904.103 ,  155.216 
Fátima - O último mistério,Fátima - El último misterio,Coragem Distribuidora,  2.139.620 ,  145.201 ,34,9/8/18,  2.139.620 ,  145.201 
Assassinato no Expresso do Oriente,Murder on the Orient Express,Fox,  2.134.010 ,  114.099 ,362,30/11/17,  18.832.538 ,  1.117.701 
A primeira noite de crime,The first purge,Universal,  2.127.140 ,  153.377 ,130,27/9/18,  2.127.140 ,  153.377 
Desejo de matar,Death wish,Imagem,  2.057.400 ,  133.760 ,332,10/5/18,  2.057.400 ,  133.760 
Sexy por acidente,I feel pretty,Paris,  2.020.230 ,  136.251 ,260,28/6/18,  2.020.230 ,  136.251 
22 milhas,Mile 22,Diamond Films,  1.999.570 ,  130.877 ,267,20/9/18,  1.999.570 ,  130.877 
O homem das cavernas,Early man,Paris,  1.959.220 ,  138.149 ,255,5/4/18,  1.959.220 ,  138.149 
7 dias em Entebbe,Entebbe,Diamond Films,  1.937.860 ,  93.533 ,171,19/4/18,  1.937.860 ,  93.533 
Pequena grande vida,Downsizing,Paramount,  1.867.290 ,  117.729 ,198,22/2/18,  1.867.290 ,  117.729 
Lady Bird - A hora de voar,Lady Bird,Universal,  1.855.970 ,  104.564 ,69,15/2/18,  1.855.970 ,  104.564 
Johnny English 3.0,Johnny English strikes again,Universal,  1.828.360 ,  123.693 ,205,1/11/18,  1.828.360 ,  123.693 
Todo dia,Every day,Paris,  1.796.500 ,  115.656 ,239,26/7/18,  1.796.500 ,  115.656 
Escobar - A traição,Loving Pablo,California,  1.690.480 ,  71.342 ,98,23/8/18,  1.690.480 ,  71.342 
Meu amigo vampiro,The little vampire,Playarte,  1.666.690 ,  119.519 ,200,8/2/18,  1.666.690 ,  119.519 
A vida em si,Life itself,Paris,  1.660.290 ,  82.734 ,209,6/12/18,  1.660.290 ,  82.734 
Correndo atrás de um pai,Father figures,Paris,  1.552.290 ,  100.155 ,176,18/1/18,  1.552.290 ,  100.155 
Mulheres alteradas,Mulheres alteradas,DTF/Paris,  1.439.200 ,  92.568 ,163,5/7/18,  1.439.200 ,  92.568 
A abelhinha Maya - O filme,Maya the bee - The movie,Playarte,  1.427.030 ,  100.813 ,337,17/5/18,  1.427.030 ,  100.813 
A grande jogada,Molly's game,Diamond Films,  1.292.010 ,  76.676 ,181,22/2/18,  1.292.010 ,  76.676 
A justiceira,Peppermint,Diamond Films,  1.283.600 ,  89.270 ,149,18/10/18,  1.283.600 ,  89.270 
Desobediência,Disobedience,Sony,  1.226.520 ,  70.045 ,31,21/6/18,  1.226.520 ,  70.045 
O estrangeiro,The foreigner,Diamond Films,  1.201.760 ,  84.230 ,208,11/1/18,  1.201.760 ,  84.230 
Cinderela e o príncipe secreto,Cinderella 3D,Imagem,  1.198.540 ,  87.088 ,280,11/10/18,  1.198.540 ,  87.088 
Uma noite de 12 anos,La noche de 12 años,Vitrine,  1.165.420 ,  66.215 ,12,27/9/18,  1.165.420 ,  66.215 
As aventuras de Tadeo 2 - O segredo do Rei Midas,Tadeo Jones 2 - El secreto del Rey Midas,Paramount,  1.163.600 ,  95.645 ,518,21/12/17,  4.602.192 ,  346.316 
Covil de ladrões,Den of thieves,Diamond Films,  1.091.740 ,  58.649 ,143,5/4/18,  1.091.740 ,  58.649 
Papillon,Papillon,Imagem,  1.038.590 ,  53.570 ,65,4/10/18,  1.038.590 ,  53.570 
Ana e Vitória,Ana e Vitória,Galeria Distribuidora,  991.915 ,  70.889 ,197,2/8/18,  991.915 ,  70.889 
Sicario - Dia do soldado,Sicario - Day of the soldado,Sony,  922.322 ,  47.079 ,125,28/6/18,  922.322 ,  47.079 
O orgulho,Le brio,Pandora,  904.336 ,  53.580 ,35,19/7/18,  904.336 ,  53.580 
"Eu, Tonya","I, Tonya",California,  880.314 ,  50.764 ,46,15/2/18,  880.314 ,  50.764 
O grande Circo Místico,O grande Circo Místico,H2O Films,  875.815 ,  51.526 ,100,15/11/18,  875.815 ,  51.526 
Deixe a luz do sol entrar,Un beau soleil interieur,Imovision,  838.671 ,  49.656 ,16,29/3/18,  838.671 ,  49.656 
O paciente - O caso Tancredo Neves,O paciente - O caso Tancredo Neves,DTF/Paris,  819.174 ,  40.792 ,92,13/9/18,  819.174 ,  40.792 
10 segundos para vencer,10 segundos para vencer,Imagem,  801.653 ,  51.526 ,281,27/9/18,  801.653 ,  51.526 
O processo,O processo,Vitrine,  782.276 ,  50.502 ,49,17/5/18,  782.276 ,  50.502 
A festa,The party,Mares Filmes/A2 Filmes,  763.903 ,  43.469 ,32,26/7/18,  763.903 ,  43.469 
15h17 - Trem para Paris,The 15:17 to Paris,Warner,  754.061 ,  36.212 ,26,8/3/18,  754.061 ,  36.212 
Amigos alienígenas,Luis and the aliens,Playarte,  751.290 ,  52.044 ,169,25/10/18,  751.290 ,  52.044 
Os estranhos - Caçada noturna,The strangers - Prey at night,Diamond Films,  739.594 ,  55.394 ,192,7/6/18,  739.594 ,  55.394 
Medo profundo,47 meters down,Playarte,  720.149 ,  53.323 ,221,8/3/18,  720.149 ,  53.323 
Podres de ricos,Crazy rich asians,Warner,  719.711 ,  41.993 ,66,25/10/18,  719.711 ,  41.993 
O nome da morte,O nome da morte,Imagem,  715.374 ,  47.248 ,136,2/8/18,  715.374 ,  47.248 
Madame,Madame,California,  706.796 ,  39.388 ,28,29/3/18,  706.796 ,  39.388 
A outra mulher,Amoureux de ma femme,Imovision,  705.223 ,  39.397 ,38,16/8/18,  705.223 ,  39.397 
Refém do jogo,Final score,California,  700.894 ,  51.274 ,184,22/11/18,  700.894 ,  51.274 
Baseado em fatos reais,D' après une histoire vraie,Paris,  697.847 ,  34.861 ,48,12/4/18,  697.847 ,  34.861 
"Com amor, Van Gogh",Loving Vicent,Europa,  692.115 ,  45.257 ,36,30/11/17,  1.788.338 ,  114.221 
Tully,Tully,Diamond Films,  664.202 ,  34.098 ,56,24/5/18,  664.202 ,  34.098 
O insulto,L'insulte,Imovision,  663.098 ,  39.769 ,11,8/2/18,  663.098 ,  39.769 
Colette,Colette,Diamond Films,  663.019 ,  34.868 ,51,13/12/18,  663.019 ,  34.868 
Uma casa à beira-mar,La villa,Imovision,  658.598 ,  39.685 ,27,12/7/18,  658.598 ,  39.685 
The square - A arte da discórdia,The square,Pandora,  641.300 ,  39.576 ,26,4/1/18,  641.300 ,  39.576 
O amante duplo,L'amant double,California,  571.916 ,  35.442 ,46,21/6/18,  571.916 ,  35.442 
Benzinho,Benzinho,Vitrine,  553.944 ,  34.529 ,35,23/8/18,  553.944 ,  34.529 
12 heróis,12 strong,Diamond Films,  545.894 ,  31.444 ,89,15/3/18,  545.894 ,  31.444 
Talvez uma história de amor,Talvez uma história de amor,Warner,  544.712 ,  38.372 ,146,14/6/18,  544.712 ,  38.372 
Ella e John,The leisure seeker,Sony,  541.745 ,  34.233 ,7,5/4/18,  541.745 ,  34.233 
Legalize já - Amizade nunca morre,Legalize já - Amizade nunca morre,Imagem,  537.206 ,  37.629 ,167,18/10/18,  537.206 ,  37.629 
Chacrinha - O velho guerreiro,Chacrinha - O velho guerreiro,DTF/Paris,  529.182 ,  36.131 ,269,8/11/18,  529.182 ,  36.131 
Fantástica: Uma aventura no mundo Bonnie Bears,Boonie Bears - Entangled worlds,Lança Filmes,  512.440 ,  51.073 ,88,13/9/18,  512.440 ,  51.073 
Os invisíveis,Die unsichtbaren,Mares Filmes/A2 Filmes,  510.918 ,  31.437 ,19,4/10/18,  510.918 ,  31.437 
Gaby Estrella,Gaby Estrella,DTF/Paris,  508.218 ,  38.486 ,149,18/1/18,  508.218 ,  38.486 
A livraria,The bookshop,Cineart Filmes,  504.683 ,  31.945 ,28,22/3/18,  504.683 ,  31.945 
Lou,Lou Andreas Salomé,Cineart Filmes,  504.392 ,  33.799 ,9,11/1/18,  504.392 ,  33.799 
Troca de rainhas,L'echange des pricesses,Pandora,  462.086 ,  28.329 ,29,16/8/18,  462.086 ,  28.329 
Tudo acaba em festa,Tudo acaba em festa,DTF/Paris,  461.591 ,  30.526 ,84,15/11/18,  461.591 ,  30.526 
Você nunca esteve realmente aqui,You were never really here,Supo Mungam Films,  454.850 ,  25.110 ,28,9/8/18,  454.850 ,  25.110 
O jovem Karl Marx,Le jeune Karl Marx,California,  453.267 ,  30.878 ,8,28/12/17,  509.363 ,  33.715 
Aos teus olhos,Aos teus olhos,Pagu Pictures,  451.062 ,  26.782 ,47,12/4/18,  451.062 ,  26.782 
Hotel Artemis,Hotel Artemis,Diamond Films,  447.706 ,  24.273 ,60,13/9/18,  447.706 ,  24.273 
Te peguei!,TAG,Warner,  437.154 ,  24.872 ,68,23/8/18,  437.154 ,  24.872 
Ilha dos cachorros,Isle of dogs,Fox,  434.730 ,  23.928 ,11,19/7/18,  434.730 ,  23.928 
Coração de cowboy,Coração de cowboy,O2 Play,  431.481 ,  31.257 ,189,27/9/18,  431.481 ,  31.257 
Sol da meia-noite,Midnight sun,Diamond Films,  420.613 ,  30.756 ,201,14/6/18,  420.613 ,  30.756 
Sansão,Samson,California,  419.167 ,  31.167 ,78,27/9/18,  419.167 ,  31.167 
Submersão,Submergence,California,  411.473 ,  19.436 ,60,19/4/18,  411.473 ,  19.436 
Projeto Flórida,The Florida project,Diamond Films,  407.241 ,  23.336 ,40,1/3/18,  407.241 ,  23.336 
Em pedaços,Aus dem nichts,Imovision,  405.067 ,  23.791 ,21,15/3/18,  405.067 ,  23.791 
Alguém como eu,Alguém como eu,DTF/Paris,  400.965 ,  28.359 ,134,24/5/18,  400.965 ,  28.359 
A casa que Jack construiu,The house that Jack built,California,  384.956 ,  22.625 ,31,1/11/18,  384.956 ,  22.625 
Tudo que quero,Please stand by,Imagem,  381.740 ,  18.397 ,50,26/4/18,  381.740 ,  18.397 
Todas as canções de amor,Todas as canções de amor,Galeria Distribuidora,  375.750 ,  25.662 ,68,8/11/18,  375.750 ,  25.662 
Acertando o passo,Finding your feet,California,  370.192 ,  21.701 ,37,10/5/18,  370.192 ,  21.701 
Ferrugem,Ferrugem,Olhar Distribuição,  352.925 ,  25.783 ,47,30/8/18,  352.925 ,  25.783 
A melhor escolha,Last flag flying,Imagem,  350.553 ,  16.256 ,44,22/3/18,  350.553 ,  16.256 
Sem amor,Loveless,Sony,  347.059 ,  14.536 ,14,8/2/18,  347.059 ,  14.536 
Custódia ,Jusqu'à la garde,Supo Mungam Films,  342.837 ,  21.284 ,30,5/7/18,  342.837 ,  21.284 
De encontro com a vida,Mein blind date mit dem leben,Alpha Filmes/ Pandora,  341.430 ,  19.813 ,45,19/4/18,  341.430 ,  19.813 
50 são os novos 30 ,Marie-Francine,Cineart Filmes,  339.908 ,  23.039 ,13,28/6/18,  339.908 ,  23.039 
As herdeiras,Las herederas,Imovision,  327.244 ,  19.905 ,21,30/8/18,  327.244 ,  19.905 
Um segredo em Paris,Drôles d'oiseaux,Pagu Pictures,  324.031 ,  19.757 ,24,15/11/18,  324.031 ,  19.757 
Encolhi a professora,"Hilfe, ich hab meine lehrerin geschrumpft",Mares Filmes/Alpha Filmes,  308.226 ,  23.644 ,120,25/1/18,  308.226 ,  23.644 
Peixonauta - O filme,Peixonauta - O filme,Riofilme,  301.860 ,  22.247 ,81,25/1/18,  301.860 ,  22.247 
Paraíso Perdido,Paraíso Perdido,Vitrine,  299.321 ,  18.568 ,98,31/5/18,  299.321 ,  18.568 
Um dia para viver,24 hours to live,Playarte,  289.854 ,  20.248 ,144,7/6/18,  289.854 ,  20.248 
Gauguin - Viagem ao Taiti ,Gauguin - Voyage De Tahiti,Mares Filmes/A2 Filmes,  280.785 ,  19.222 ,24,23/8/18,  280.785 ,  19.222 
Antes que eu me esqueça,Antes que eu me esqueça,Imagem,  280.045 ,  16.424 ,63,24/5/18,  280.045 ,  16.424 
A vida em família,La vitta in comune,Pagu Pictures,  262.834 ,  15.163 ,14,6/9/18,  262.834 ,  15.163 
Promessa ao Amanhecer,La promesse de l'aube,Bonfilm,  250.047 ,  16.948 ,26,26/7/18,  250.047 ,  16.948 
Era uma vez um Deadpool,Once upon a Deadpool,Fox,  249.641 ,  15.620 ,89,27/12/18,  249.641 ,  15.620 
Lámen shop,Ramen teh,Imovision,  247.452 ,  13.980 ,17,26/7/18,  247.452 ,  13.980 
Maria Callas - Em suas próprias palavras,Maria by Callas,Imovision,  239.467 ,  14.038 ,15,6/12/18,  239.467 ,  14.038 
Somente o mar sabe,The mercy,Paris,  238.442 ,  11.727 ,24,26/4/18,  238.442 ,  11.727 
A amante,Inhebek Hedi,Pandora,  238.427 ,  14.455 ,15,31/5/18,  238.427 ,  14.455 
Teu mundo não cabe nos meus olhos,Teu mundo não cabe nos meus olhos,DTF/Paris,  237.347 ,  14.541 ,109,3/5/18,  237.347 ,  14.541 
A morte de Stalin,Death of Stalin,Paris,  236.039 ,  13.088 ,26,7/6/18,  236.039 ,  13.088 
1945,1945,Supo Mungam Films,  235.540 ,  15.047 ,18,5/4/18,  235.540 ,  15.047 
Gringo - Vivo ou morto,Gringo,Diamond Films,  234.095 ,  11.671 ,66,3/5/18,  234.095 ,  11.671 
O retorno do herói,Le retour du héros,Mares Filmes/A2 Filmes,  234.091 ,  15.477 ,25,20/9/18,  234.091 ,  15.477 
A origem do dragão,Birth of the dragon,Imagem,  229.252 ,  17.079 ,119,28/12/17,  652.076 ,  48.542 
Limites,Boundaries,Sony,  224.491 ,  12.348 ,20,13/9/18,  224.491 ,  12.348 
O que te faz mais forte,Stronger,Paris,  224.002 ,  12.070 ,32,8/2/18,  224.002 ,  12.070 
O sacrifício do cervo sagrado,The killing of a sacred deer,Diamond Films,  221.481 ,  13.734 ,39,8/2/18,  221.481 ,  13.734 
Sequestro relâmpago,Sequestro relâmpago,Pagu Pictures,  202.513 ,  14.011 ,53,22/11/18,  202.513 ,  14.011 
Nos vemos no paraiso ,Au revoir l`-haut,Pandora,  197.432 ,  12.946 ,18,5/7/18,  197.432 ,  12.946 
Por trás dos seus olhos,All I see is you,Paris,  193.389 ,  10.253 ,31,22/3/18,  193.389 ,  10.253 
Wheely - Velozes e divertidos,Wheely,Playarte,  193.090 ,  13.379 ,113,6/9/18,  193.090 ,  13.379 
Museu,Museo,Supo Mungam Films,  192.454 ,  12.188 ,26,8/11/18,  192.454 ,  12.188 
Praça Paris,Praça Paris,Imovision,  190.846 ,  11.692 ,18,26/4/18,  190.846 ,  11.692 
"Visages, villages","Visages, villages",Fênix Filmes,  189.934 ,  12.154 ,13,25/1/18,  189.934 ,  12.154 
Estrelas de cinema nunca morrem,Film stars dont die in Liverpool,Diamond Films,  188.520 ,  10.999 ,9,26/4/18,  188.520 ,  10.999 
Culpa,The guilty,California,  185.423 ,  9.708 ,31,27/12/18,  185.423 ,  9.708 
Corpo e alma,A teströl és lélekröl,Imovision,  185.368 ,  11.933 ,15,21/12/17,  286.596 ,  18.092 
De Carona para o Amor,Tout Le Monde Debout,California,  185.269 ,  12.861 ,14,2/8/18,  185.269 ,  12.861 
Marvin,Marvin ou la belle éducation,Mares Filmes/A2 Filmes,  180.744 ,  11.664 ,22,6/9/18,  180.744 ,  11.664 
Amante por um dia,L'amant d'un jour,Fênix Filmes,  178.378 ,  11.273 ,19,15/3/18,  178.378 ,  11.273 
O homem perfeito,O homem perfeito,DTF/Paris,  177.733 ,  11.315 ,42,27/9/18,  177.733 ,  11.315 
Primavera em Casablanca,Razzia,California,  176.144 ,  12.448 ,12,19/7/18,  176.144 ,  12.448 
A câmera de Claire,La caméra de Claire,Pandora,  175.207 ,  10.783 ,14,24/5/18,  175.207 ,  10.783 
"Sem data, sem assinatura","Bedoune tarikh, bedoune emza",Imovision,  172.354 ,  10.401 ,15,20/9/18,  172.354 ,  10.401 
Hannah,Hannah,Zeta Filmes,  171.566 ,  10.176 ,20,12/7/18,  171.566 ,  10.176 
Oh Lucy!,Oh Lucy!,Imovision,  169.431 ,  9.629 ,9,28/6/18,  169.431 ,  9.629 
120 batimentos por minuto,120 battements par minute,Imovision,  165.047 ,  11.067 ,23,4/1/18,  165.047 ,  11.067 
Anna Karenina - A história de Vronsky,Anna Karenina - Istoriya Vronskogo,CPC-UMES Filmes,  163.589 ,  10.046 ,11,7/6/18,  163.589 ,  10.046 
Mudbound - Lágrimas sobre o Mississipi,Mudbound,Diamond Films,  158.535 ,  10.345 ,24,15/2/18,  158.535 ,  10.345 
Artista do desastre,The disaster artist,Warner,  157.272 ,  8.269 ,12,25/1/18,  157.272 ,  8.269 
A pé ele não vai longe,"Don't worry, he won't get far on foot",Diamond Films,  156.837 ,  7.373 ,35,27/12/18,  156.837 ,  7.373 
Bergman 100 anos,Bergman 100 years,Imovision,  155.319 ,  9.698 ,24,19/7/18,  155.319 ,  9.698 
O banquete,O banquete,Imovision,  153.436 ,  8.575 ,27,13/9/18,  153.436 ,  8.575 
O quebra-cabeça,Puzzle,Sony,  151.739 ,  8.862 ,13,15/11/18,  151.739 ,  8.862 
"Juliet, nua e crua","Juliet, naked",Diamond Films,  150.237 ,  8.869 ,17,4/10/18,  150.237 ,  8.869 
Uma mulher fantástica,Una mujer fantástica,Imovision,  150.157 ,  9.934 ,16,7/9/17,  527.721 ,  35.688 
A estrela de Belém,The star,Sony,  149.453 ,  11.978 ,439,30/11/17,  6.063.849 ,  491.237 
Chá com as damas,ing like a dame,Supo Mungam Films,  148.581 ,  9.458 ,26,13/12/18,  148.581 ,  9.458 
Uma questão pessoal,Una questione privata,Supo Mungam Films,  147.444 ,  9.840 ,25,20/9/18,  147.444 ,  9.840 
As boas maneiras,As boas maneiras,Imovision,  144.234 ,  8.863 ,28,7/6/18,  144.234 ,  8.863 
Meu tricolor de aço,Meu tricolor de aço,Estação Luz Filmes,  141.937 ,  9.606 ,14,6/12/18,  141.937 ,  9.606 
A cidade do futuro,A cidade do futuro,Espaço Filmes / Vitrine,  141.238 ,  10.405 ,16,26/4/18,  141.238 ,  10.405 
Motorrad,Motorrad,Warner,  139.564 ,  10.623 ,144,1/3/18,  139.564 ,  10.623 
Arábia,Arábia,Embaúba Filmes / Pique-Bandeira Filmes,  134.712 ,  9.310 ,11,5/4/18,  134.712 ,  9.310 
Rasga coração,Rasga coração,Sony,  130.377 ,  7.901 ,30,6/12/18,  130.377 ,  7.901 
Em chamas,Beoning,Pandora,  130.284 ,  7.694 ,8,15/11/18,  130.284 ,  7.694 
Coldplay: a head full of dreams,Coldplay: a head full of dreams',Cinemark,  128.843 ,  7.644 ,46,14/11/18,  128.843 ,  7.644 
Os fantasmas de Ismael,Les fantomes d?Ismaël,Imovision,  127.603 ,  7.680 ,17,3/5/18,  127.603 ,  7.680 
Assim é a vida,C'est la vie,Paris,  126.238 ,  8.363 ,30,21/12/17,  305.298 ,  19.091 
Severina,Severina,Vitrine,  123.165 ,  11.158 ,17,12/4/18,  123.165 ,  11.158 
Esplendor,Hikari,Imovision,  116.625 ,  6.976 ,15,10/5/18,  116.625 ,  6.976 
Egon Schiele - Morte e a donzela,Egon Schiele - Tod und mädchen,Cineart Filmes,  116.393 ,  6.957 ,14,19/7/18,  116.393 ,  6.957 
Entre-laços,Karera ga honki de amu toki wa,Lança Filmes,  115.794 ,  7.082 ,7,17/5/18,  115.794 ,  7.082 
O confeiteiro,The cakemaker,Imovision,  113.193 ,  6.361 ,17,27/12/18,  113.193 ,  6.361 
O terceiro assassinato,Sandome no satsujin,Imovision,  112.263 ,  5.781 ,7,19/4/18,  112.263 ,  5.781 
Café com canela,Café com canela,Arco Audiovisual,  111.191 ,  9.411 ,1,16/8/18,  111.191 ,  9.411 
O segredo de Davi,O segredo de Davi,Elo Company,  110.884 ,  9.209 ,66,22/11/18,  110.884 ,  9.209 
Zama,Zama,Vitrine,  110.289 ,  6.694 ,13,29/3/18,  110.289 ,  6.694 
Estás me matando Susana,Me estás matando Susana,Mares Filmes/A2 Filmes,  107.975 ,  6.703 ,22,18/10/18,  107.975 ,  6.703 
Ex-pajé,Ex-pajé,Gullane Entretenimento,  107.872 ,  6.951 ,11,26/4/18,  107.872 ,  6.951 
Suburbicon - Bem-vindos ao paraíso,Suburbicon,Diamond Films,  106.386 ,  7.320 ,77,21/12/17,  512.867 ,  30.326 
Minha filha,Figlia mia,Imovision,  103.388 ,  6.054 ,17,11/10/18,  103.388 ,  6.054 
O beijo no asfalto,O beijo no asfalto,Art House Movies,  101.548 ,  6.575 ,19,6/12/18,  101.548 ,  6.575 
Uma temporada na França,Un saison en France,Imovision,  101.128 ,  6.721 ,7,5/4/18,  101.128 ,  6.721 
Meu anjo,Angel face,Imovision,  100.133 ,  6.119 ,30,25/10/18,  100.133 ,  6.119 
Ciganos da Ciambra,A Ciambra,Pandora,  98.305 ,  6.390 ,9,3/5/18,  98.305 ,  6.390 
O animal cordial,O animal cordial,California,  97.785 ,  6.597 ,16,9/8/18,  97.785 ,  6.597 
João de Deus - O silêncio é uma prece    ,João de Deus - O silêncio é uma prece    ,DTF/Paris,  97.670 ,  5.611 ,29,31/5/18,  97.670 ,  5.611 
A odisseia,L'odyssée,Esfera,  96.014 ,  5.851 ,22,22/3/18,  96.014 ,  5.851 
Yonlu,Yonlu,Lança Filmes,  93.121 ,  6.984 ,25,30/8/18,  93.121 ,  6.984 
Dunkirk,Dunkirk,Warner,  92.134 ,  5.406 ,476,27/7/17,  14.517.260 ,  799.899 
"Conquistar, amar e viver intensamente","Plaire, aimer et courir vite",Imovision,  89.543 ,  5.000 ,16,20/12/18,  89.543 ,  5.000 
Berenice procura,Berenice procura,H2O Films,  88.534 ,  5.759 ,23,28/6/18,  88.534 ,  5.759 
A excêntrica familia de Gaspard,Gaspard va au mariage,Bonfilm,  86.945 ,  6.560 ,10,29/11/18,  86.945 ,  6.560 
Tungstênio,Tungstênio,Pagu Pictures,  86.893 ,  6.056 ,58,21/6/18,  86.893 ,  6.056 
A natureza do tempo,En attendant les hirondelles,Imovision,  86.655 ,  4.664 ,6,17/5/18,  86.655 ,  4.664 
A noiva do deserto,La novia del desierto,Imovision,  85.764 ,  5.409 ,10,12/4/18,  85.764 ,  5.409 
Paris 8,Mes provinciales,Cineart Filmes,  84.479 ,  5.350 ,28,17/5/18,  84.479 ,  5.350 
A aparição,L´apparition,Mares Filmes/A2 Filmes,  83.235 ,  6.166 ,11,9/8/18,  83.235 ,  6.166 
O ódio que você semeia,The hate u give,Fox,  82.117 ,  4.474 ,16,6/12/18,  82.117 ,  4.474 
O renascimento do parto 2,O renascimento do parto 2,Espaço Filmes,  79.846 ,  5.182 ,22,10/5/18,  79.846 ,  5.182 
O futuro adiante,El futuro que Vienev,Supo Mungam Films,  76.325 ,  4.732 ,14,4/10/18,  76.325 ,  4.732 
Tio Drew,Uncle Drew,Paris,  75.633 ,  4.187 ,30,19/7/18,  75.633 ,  4.187 
Um dia,Egy nap,Zeta Filmes,  75.613 ,  4.901 ,11,11/10/18,  75.613 ,  4.901 
A número um,Numéro une,Imovision,  74.749 ,  4.613 ,9,8/3/18,  74.749 ,  4.613 
Emma e as cores da vida,Il colore nascosto delle cose,Arteplex Filmes,  74.578 ,  4.254 ,14,27/12/18,  74.578 ,  4.254 
Como é cruel viver assim,Como é cruel viver assim,H2O Films,  72.915 ,  4.833 ,37,16/8/18,  72.915 ,  4.833 
Kin,Kin,Paris,  70.931 ,  3.639 ,29,6/9/18,  70.931 ,  3.639 
Cachorros,lOS PERROS,Imovision,  69.298 ,  4.129 ,5,5/7/18,  69.298 ,  4.129 
Sem fôlego,Wonderstruck,H2O Films,  69.237 ,  4.806 ,25,25/1/18,  69.237 ,  4.806 
O poder de Diane,Diane a les épaules,Bonfilm,  67.210 ,  5.073 ,4,18/10/18,  67.210 ,  5.073 
Meu malvado favorito 3,Despicable me 3,Universal,  66.589 ,  7.115 ,1.319,29/6/17,  126.073.571 ,  9.003.244 
A outra história do mundo,Otra historia del mundo,Fênix Filmes,  65.381 ,  4.004 ,12,2/8/18,  65.381 ,  4.004 
O dia depois,Geu-Hu,Pandora,  64.174 ,  4.310 ,6,12/4/18,  64.174 ,  4.310 
Carnívoras,Carnivores,Bonfilm,  64.150 ,  4.684 ,13,13/9/18,  64.150 ,  4.684 
Super-homem 40 anos,Superman 1978 40th Anniv Reissue,Warner,  62.711 ,  3.309 ,53,4/12/18,  62.711 ,  3.309 
Intimidade entre estranhos,Intimidade entre estranhos,Galeria Distribuidora,  62.487 ,  3.802 ,41,13/12/18,  62.487 ,  3.802 
Lua de Júpiter,Jupiter holdja,Imovision,  62.026 ,  3.645 ,14,31/5/18,  62.026 ,  3.645 
O desmonte do monte,O desmonte do monte,Mercurio,  61.226 ,  3.866 ,0,5/7/18,  61.226 ,  3.866 
Medo viral,Bedeviled,Fênix Filmes,  59.182 ,  4.164 ,8,16/8/18,  59.182 ,  4.164 
Alguma coisa assim,Alguma coisa assim,Vitrine,  59.120 ,  4.187 ,16,26/7/18,  59.120 ,  4.187 
Cora Coralina - Todas as vidas,Cora Coralina - Todas as vidas,Fênix Filmes,  58.981 ,  4.126 ,8,14/12/17,  101.982 ,  7.016 
Ponto cego,Blindspotting,Paris,  58.454 ,  3.645 ,27,4/10/18,  58.454 ,  3.645 
Acrimônia - Ela quer vingança,Acrimony,Paris,  58.303 ,  3.154 ,25,9/8/18,  58.303 ,  3.154 
Um homem comum,An ordinary man,Mares Filmes/A2 Filmes,  57.375 ,  4.652 ,20,29/11/18,  57.375 ,  4.652 
Quase memória,Quase memória,Pandora,  57.010 ,  3.954 ,16,19/4/18,  57.010 ,  3.954 
"Hare Krishna! - O mantra, o movimento e o Swami que começou tudo","Krishna! - The mantra, the movement and the Swami who started it all",Cinépolis,  55.781 ,  2.929 ,18,10/5/18,  55.781 ,  2.929 
Jogos mortais - Jigsaw,Jigsaw,Paris,  54.659 ,  5.112 ,515,30/11/17,  8.642.847 ,  636.628 
Dedo na ferida,Dedo na ferida,Caliban,  52.958 ,  3.596 ,3,31/5/18,  52.958 ,  3.596 
Vingança,Revenge,Fênix Filmes,  52.328 ,  3.707 ,12,7/6/18,  52.328 ,  3.707 
A prece,La prière,Imovision,  51.999 ,  3.190 ,3,8/11/18,  51.999 ,  3.190 
A rota selvagem,Lean on Pete,Diamond Films,  51.257 ,  2.999 ,18,15/11/18,  51.257 ,  2.999 
Torquato Neto - Todas as horas do fim,Torquato Neto - Todas as horas do fim,Vitrine,  51.043 ,  6.075 ,13,8/3/18,  51.043 ,  6.075 
Uma espécie de família,"Espécie de família, Una",Pandora,  48.464 ,  3.432 ,13,8/3/18,  48.464 ,  3.432 
Uma escala em Paris,Thirst street,Imovision,  47.737 ,  2.777 ,4,24/5/18,  47.737 ,  2.777 
A noite devorou o mundo,La nuit a dévoré le monde,California,  47.282 ,  3.268 ,7,5/7/18,  47.282 ,  3.268 
Além do homem,Além do homem,Imagem,  46.426 ,  2.826 ,24,28/6/18,  46.426 ,  2.826 
"My name is now, Elza Soares ","My name is now, Elza Soares ",It Filmes,  46.280 ,  3.037 ,10,1/11/18,  46.280 ,  3.037 
Traffik - Liberdade roubada,Traffik,Paris,  45.837 ,  2.402 ,25,20/9/18,  45.837 ,  2.402 
A cabeça de Gumercindo Saraiva,A cabeça de Gumercindo Saraiva,Elo Company,  45.135 ,  4.196 ,11,25/10/18,  45.135 ,  4.196 
A última abolição,A última abolição,Pipoca & Filmes ,  43.821 ,  2.918 ,7,18/10/18,  43.821 ,  2.918 
Verão 1993,Estiu 1993,Supo Mungam Films,  43.701 ,  3.499 ,14,7/12/17,  119.719 ,  8.564 
A voz do silêncio,A voz do silêncio,Imovision,  41.903 ,  2.696 ,18,22/11/18,  41.903 ,  2.696 
Hilda Hilst pede contato,Hilda Hilst pede contato,Imovision,  41.686 ,  2.438 ,14,2/8/18,  41.686 ,  2.438 
Daphne,Daphne,Supo Mungam Films,  40.665 ,  3.025 ,7,8/3/18,  40.665 ,  3.025 
Nico - 1988,Nico - 1988,Supo Mungam Films,  40.632 ,  2.770 ,14,30/8/18,  40.632 ,  2.770 
Bonifácio - O fundador do Brasil,Bonifácio - O fundador do Brasil,IvinFilms,  40.516 ,  2.330 ,0,7/6/18,  40.516 ,  2.330 
A Ópera de Paris,L'Opéra,Imovision,  39.310 ,  2.449 ,6,28/12/17,  53.243 ,  3.236 
Baronesa,Baronesa,Vitrine,  38.818 ,  4.709 ,13,14/6/18,  38.818 ,  4.709 
O colar de Coralina,O colar de Coralina,O2 Play,  38.765 ,  3.723 ,37,22/11/18,  38.765 ,  3.723 
A raposa má,Le grand méchant renard et autres contes,Bonfilm,  37.996 ,  2.766 ,0,31/10/18,  37.996 ,  2.766 
A garota na névoa,La ragazza nella nebbia,Mares Filmes/A2 Filmes,  37.780 ,  3.106 ,3,8/11/18,  37.780 ,  3.106 
"Onde está você, João Gilberto?","Where are you, João Gilberto?",Imovision,  37.388 ,  2.437 ,17,23/8/18,  37.388 ,  2.437 
Todas as razões para esquecer,Todas as razões para esquecer,Bretz Filmes/Pagu Pictures,  36.213 ,  2.155 ,18,1/3/18,  36.213 ,  2.155 
Onde a moeda cai em pé: a história do São Paulo Futebol Clube,Onde a moeda cai em pé: a história do São Paulo Futebol Clube,Elo Company,  35.922 ,  3.997 ,19,8/11/18,  35.922 ,  3.997 
Tinta bruta,Tinta bruta,Vitrine,  35.821 ,  4.547 ,28,6/12/18,  35.821 ,  4.547 
Stromboli,Stromboli ? Terra di dio,Zeta Filmes,  35.803 ,  2.406 ,6,29/3/18,  35.803 ,  2.406 
O motorista de táxi,Taeksi woonjunsa,California,  35.602 ,  2.548 ,3,11/1/18,  35.602 ,  2.548 
Mulheres divinas,Die göttliche ordnung,Mares Filmes,  35.525 ,  3.023 ,15,14/12/17,  112.017 ,  8.212 
O filho uruguaio,Une Vie Ailleurs,Bonfilm,  34.234 ,  2.487 ,2,1/3/18,  34.234 ,  2.487 
Encantados,Encantados,Riofilme,  33.266 ,  2.348 ,30,8/3/18,  33.266 ,  2.348 
Comboio de sal e açúcar,Comboio de sal e açúcar,Livres Filmes,  33.063 ,  2.218 ,14,7/6/18,  33.063 ,  2.218 
A repartição do tempo,A repartição do tempo,O2 Play,  32.724 ,  2.210 ,34,1/2/18,  32.724 ,  2.210 
Ayrton Senna - O musical,Ayrton Senna - O musical,Osmose Filmes,  31.605 ,  1.520 ,1,26/4/18,  31.605 ,  1.520 
Saudade,Saudade,Lira Filmes,  31.151 ,  1.994 ,6,18/1/18,  31.151 ,  1.994 
Lucky,Lucky,Imovision,  30.777 ,  2.317 ,9,7/12/17,  120.946 ,  8.174 
Virgens acorrentadas,Virgin cheerleaders in chains,Moro Filmes,  30.019 ,  2.669 ,11,9/8/18,  30.019 ,  2.669 
Dovlatov,Dovlatov,Imovision,  29.831 ,  1.877 ,4,14/6/18,  29.831 ,  1.877 
Colheita amarga,Bitter harvest,California,  29.659 ,  1.868 ,5,24/5/18,  29.659 ,  1.868 
Chateau - Paris,La vie de chateau,Europa,  29.543 ,  2.108 ,5,22/3/18,  29.543 ,  2.108 
Auto de resistência,Auto de resistência,Art House Movies,  29.521 ,  1.915 ,6,28/6/18,  29.521 ,  1.915 
Unicórnio,Unicórnio,Vitrine,  29.249 ,  3.396 ,16,16/8/18,  29.249 ,  3.396 
Jovem mulher,Jeune femme,Zeta Filmes,  29.148 ,  2.230 ,3,21/12/17,  38.624 ,  2.883 
O renascimento do parto 3,O renascimento do parto 3,Espaço Filmes,  29.098 ,  1.538 ,1,30/8/18,  29.098 ,  1.538 
Imagens do Estado Novo - 1937-45,Imagens do Estado Novo - 1937-45,Tatu Filmes,  28.468 ,  1.747 ,3,15/3/18,  28.468 ,  1.747 
Para sempre Chape,Para sempre Chape,Arcoplex,  28.108 ,  1.974 ,27,9/8/18,  28.108 ,  1.974 
A luta do século,A luta do século,Vitrine,  27.902 ,  2.149 ,20,15/3/18,  27.902 ,  2.149 
O último Suspiro,Dans la brume,Bonfilm,  27.871 ,  2.349 ,0,31/10/18,  27.871 ,  2.349 
Diamantino,Diamantino,Vitrine,  27.479 ,  1.646 ,13,20/12/18,  27.479 ,  1.646 
No intenso agora,No intenso agora,Videofilmes,  27.113 ,  1.833 ,11,9/11/17,  234.656 ,  15.921 
Henfil,Henfil,02 Play,  27.018 ,  1.864 ,18,6/12/18,  27.018 ,  1.864 
Finding Josef,Finding Josef,Distribuição Própria,  26.188 ,  2.266 ,1,20/9/18,  26.188 ,  2.266 
A busca do chef Ducasse,La quête d´Alain Ducasse,Bonfilm,  25.899 ,  2.279 ,0,31/10/18,  25.899 ,  2.279 
Os iniciados,The wound,Zeta Filmes,  25.635 ,  2.038 ,3,18/1/18,  25.635 ,  2.038 
Corra!,Get Out,Universal,  25.518 ,  2.634 ,444,18/5/17,  5.698.189 ,  385.513 
Asako I & II,Netemo sametemo,Zeta Filmes,  25.329 ,  1.495 ,8,20/12/18,  25.329 ,  1.495 
Utøya - 22 de julho,U - July 22,California,  24.765 ,  1.715 ,5,29/11/18,  24.765 ,  1.715 
Árvores vermelhas,"Red trees, ",Distribuição Própria,  24.723 ,  1.407 ,6,29/3/18,  24.723 ,  1.407 
Histórias que nosso cinema (não) contava,Histórias que nosso cinema (não) contava,Boulevard Filmes,  24.282 ,  1.845 ,3,23/8/18,  24.282 ,  1.845 
Querido embaixador,Querido embaixador,Elo Company,  23.906 ,  2.078 ,16,2/8/18,  23.906 ,  2.078 
Verão,Leto,Imovision,  23.449 ,  1.318 ,13,15/11/18,  23.449 ,  1.318 
Victoria e Abdul - O confidente da rainha,Victoria and Abdul,Universal,  23.355 ,  1.725 ,62,16/11/17,  2.203.529 ,  110.928 
Réquiem para Sra. J,"Rekvijem za gospodju J., ",Zeta Filmes,  23.195 ,  1.561 ,6,24/5/18,  23.195 ,  1.561 
Sueño Florianópolis,Sueño Florianópolis,Vitrine,  23.087 ,  2.833 ,18,15/11/18,  23.087 ,  2.833 
Por que vivemos,Naze ikiru - Rennyo shonin to yoshizaki enjo,Espaço Filmes,  22.586 ,  1.552 ,14,23/11/17,  117.482 ,  8.736 
Construindo pontes,Construindo pontes,Espaço Filmes,  22.542 ,  2.325 ,5,19/4/18,  22.542 ,  2.325 
Pela janela,Pela janela,Vitrine,  21.784 ,  3.078 ,11,18/1/18,  21.784 ,  3.078 
Lumière - A aventura começa,Lumière - L aventure commence,Imovision,  21.644 ,  1.705 ,9,14/12/17,  72.258 ,  5.245 
Western,Western,Zeta Filmes,  21.522 ,  1.295 ,6,15/3/18,  21.522 ,  1.295 
Ser tão velho cerrado,Ser tão velho cerrado,O2 Play,  21.513 ,  1.200 ,2,9/8/18,  21.513 ,  1.200 
Mare nostrum,Mare nostrum,Imovision,  21.305 ,  1.410 ,15,4/10/18,  21.305 ,  1.410 
Em um mundo interior,Em um mundo interior,Elo Company,  21.098 ,  2.073 ,5,31/5/18,  21.098 ,  2.073 
Antes que tudo desapareça,Sanpo suru shinryakusha,Zeta Filmes,  20.316 ,  1.235 ,6,12/4/18,  20.316 ,  1.235 
Minha amiga do parque,Mi amiga del parque,Descoloniza Filmes,  20.192 ,  1.304 ,4,22/2/18,  20.192 ,  1.304 
Takara - A noite em que nadei,Takara - La nuit où j'ai nagé,Zeta Filmes,  19.778 ,  1.335 ,2,30/8/18,  19.778 ,  1.335 
Canastra suja,Canastra suja,Art House Movies,  19.770 ,  1.467 ,21,21/6/18,  19.770 ,  1.467 
A filosofia na alcova,A filosofia na alcova,Satyros Cinema,  18.682 ,  1.395 ,1,23/11/17,  33.160 ,  2.350 
Filme paisagem - Um olhar sobre Roberto Burle Marx,Filme paisagem - Um olhar sobre Roberto Burle Marx,Elo Company,  17.948 ,  1.214 ,5,15/11/18,  17.948 ,  1.214 
A moça do calendário,A moça do calendário,Pandora,  17.633 ,  2.016 ,6,27/9/18,  17.633 ,  2.016 
Café,Caffè,California,  17.560 ,  1.060 ,3,2/8/18,  17.560 ,  1.060 
Soldados do Araguaia,Soldados do Araguaia,Giros Produtora,  17.437 ,  1.147 ,5,22/3/18,  17.437 ,  1.147 
Querida mamãe,Querida mamãe,Elo Company,  16.794 ,  1.546 ,8,17/5/18,  16.794 ,  1.546 
Híbridos - Os espíritos do Brasil,Híbridos - Os espíritos do Brasil,Descoloniza Filmes,  16.504 ,  1.020 ,3,15/3/18,  16.504 ,  1.020 
Piripkura,Piripkura,Distribuição Própria,  16.142 ,  871 ,0,22/2/18,  16.142 ,  871 
Missão 115,Missão 115,Bretz Filmes,  15.675 ,  1.070 ,7,23/8/18,  15.675 ,  1.070 
Amores de chumbo,Amores de chumbo,Elo Company,  15.641 ,  1.708 ,0,14/6/18,  15.641 ,  1.708 
Thor: Ragnarok,Thor: Ragnarok,Disney,  15.508 ,  1.141 ,1.565,26/10/17,  99.941.239 ,  6.373.125 
Excelentíssimos,Excelentíssimos,Vitrine,  15.484 ,  995 ,3,22/11/18,  15.484 ,  995 
A bela da tarde,Belle de jour,Zeta Filmes,  15.468 ,  1.461 ,5,7/12/17,  32.829 ,  2.676 
Todos os Paulos do mundo,Todos os Paulos do mundo,Vitrine,  15.464 ,  2.007 ,17,10/5/18,  15.464 ,  2.007 
A primeira noite de um homem,The graduate,Zeta Filmes,  14.794 ,  1.777 ,4,4/1/18,  14.794 ,  1.777 
Gabriel e a montanha,Gabriel e a montanha,Bretz Filmes,  14.701 ,  1.004 ,79,2/11/17,  663.839 ,  40.238 
De volta,Go home,Esfera,  14.680 ,  1.151 ,0,31/5/18,  14.680 ,  1.151 
Tesnota,Closeness,Zeta Filmes,  14.541 ,  2.192 ,1,9/8/18,  14.541 ,  2.192 
Tropykaos,Tropykaos,Pipa Produções,  14.315 ,  1.810 ,1,5/4/18,  14.315 ,  1.810 
A fábrica de nada,A fábrica de nada,Imovision,  14.259 ,  848 ,6,27/9/18,  14.259 ,  848 
A superfície da sombra,A superfície da sombra,Panda Filmes,  14.024 ,  932 ,13,31/5/18,  14.024 ,  932 
Chega de fiu fiu,Chega de fiu fiu,Taturana Mobilização Social,  12.923 ,  837 ,0,10/5/18,  12.923 ,  837 
Mazinger Z,Mazinger Z: infinity,Distribuição Própria,  12.689 ,  778 ,11,20/6/18,  12.689 ,  778 
Selfie para o inferno,Selfie from hell,Cineart Filmes,  12.608 ,  758 ,7,7/6/18,  12.608 ,  758 
Slam - Voz de levante,Slam - Voz de levante,Pagu Pictures,  12.565 ,  728 ,9,22/11/18,  12.565 ,  728 
Abrindo o armário,Abrindo o armário,Elo Company,  12.472 ,  1.349 ,14,16/8/18,  12.472 ,  1.349 
Rogério Duarte - O tropikaoslista,Rogério Duarte - O tropikaoslista,02 Play,  12.173 ,  993 ,7,26/4/18,  12.173 ,  993 
Olhos do deserto,Eye on Juliet,Esfera,  12.013 ,  865 ,7,24/5/18,  12.013 ,  865 
Tamara,Tamara,Lança Filmes,  11.641 ,  788 ,2,25/10/18,  11.641 ,  788 
Crimes em Happytime,The Happytime murders,Diamond Films,  11.638 ,  728 ,12,27/9/18,  11.638 ,  728 
O nó do diabo,O nó do diabo,Elo Company,  11.407 ,  1.414 ,2,28/6/18,  11.407 ,  1.414 
Isto (não) é um assalto,Isto (não) é um assalto,Distribuição Própria,  11.365 ,  1.197 ,2,22/11/18,  11.365 ,  1.197 
Po,A boy called Po,Cineart Filmes,  11.132 ,  876 ,6,22/11/18,  11.132 ,  876 
Caminho do mar,Caminho do mar,Bang Filmes,  10.976 ,  1.532 ,1,7/6/18,  10.976 ,  1.532 
Djon África,Djon África,Vitrine,  10.704 ,  1.507 ,14,11/10/18,  10.704 ,  1.507 
Vinte anos,Vinte anos,Art House Movies,  10.465 ,  659 ,5,26/7/18,  10.465 ,  659 
A vida extra-ordinária de Tarso de Castro,A vida extra-ordinária de Tarso de Castro,Boulevard Filmes,  10.354 ,  898 ,5,24/5/18,  10.354 ,  898 
Em 97 era assim,Em 97 era assim,Bretz Filmes,  10.080 ,  756 ,13,14/6/18,  10.080 ,  756 
Todo clichê do amor,Todo clichê do amor,Enkapothado Filmes / MUK,  10.066 ,  582 ,8,19/4/18,  10.066 ,  582 
A imagem da tolerância,A imagem da tolerância,Cinespaço,  9.789 ,  660 ,7,8/3/18,  9.789 ,  660 
Vazante,Vazante,Europa,  9.584 ,  690 ,24,9/11/17,  144.563 ,  9.774 
On yoga - Arquitetura da paz,On yoga: The architecture of peace,Pagu Pictures / Bretz Filmes,  9.463 ,  589 ,13,16/11/17,  236.575 ,  13.434 
A destruição de Bernardet,A destruição de Bernardet,Espaço Filmes,  8.927 ,  989 ,6,30/8/18,  8.927 ,  989 
O homem que parou o tempo,O homem que parou o tempo,Elo Company,  8.611 ,  1.092 ,18,13/9/18,  8.611 ,  1.092 
A mata negra,A mata negra,Distribuição Própria,  8.587 ,  873 ,15,6/12/18,  8.587 ,  873 
Em busca de Fellini,In Search of Fellini,Cineart Filmes,  8.245 ,  710 ,26,7/12/17,  85.074 ,  5.708 
Pagliacci,Pagliacci,Pandora,  8.037 ,  724 ,2,26/4/18,  8.037 ,  724 
Cromossomo 21,Cromossomo 21,Espaço Filmes,  7.850 ,  746 ,12,30/11/17,  58.628 ,  4.425 
Ataque dos titãs,Attack on titans,SATO Company,  7.789 ,  458 ,14,8/4/18,  7.789 ,  458 
Bye bye Jaqueline,Bye bye Jaqueline,Lança Filmes,  7.744 ,  660 ,7,28/12/17,  8.709 ,  722 
2 outonos e 3 Invernos,2 automnes 3 hivers,Fênix Filmes,  7.521 ,  671 ,3,6/12/18,  7.521 ,  671 
O caminho dos sonhos,Der traumhafte weg,Zeta Filmes,  7.507 ,  529 ,1,14/6/18,  7.507 ,  529 
Santoro - O homem e sua música,Santoro - O homem e sua música,Dada 'n Zen,  7.385 ,  480 ,9,8/3/18,  7.385 ,  480 
O corpo em terapia,O corpo em terapia,Distribuição Própria,  7.342 ,  439 ,1,23/8/18,  7.342 ,  439 
Vende-se esta moto,Vende-se esta moto,Cavideo,  7.197 ,  500 ,2,6/9/18,  7.197 ,  500 
Em nome da América,Em nome da América,Inquieta,  6.534 ,  729 ,3,5/4/18,  6.534 ,  729 
O silêncio da noite é que tem sido testemunha das minhas amarguras,"Silêncio da noite é que tem sido testemunha das minhas amarguras, O",Inquieta,  6.372 ,  653 ,2,15/3/18,  6.372 ,  653 
Os incontestáveis,Os incontestáveis,Livres Filmes,  6.090 ,  552 ,8,9/8/18,  6.090 ,  552 
Los territorios,Los territorios,Vitrine,  6.044 ,  445 ,4,7/6/18,  6.044 ,  445 
Amanhã chegou,Amanhã chegou,Elo Company,  5.975 ,  695 ,16,11/10/18,  5.975 ,  695 
Fica mais escuro antes do amanhecer,Fica mais escuro antes do amanhecer,02 Play,  5.876 ,  460 ,9,30/8/18,  5.876 ,  460 
Cartas para um ladrão de livros,Cartas para um ladrão de livros,Boutique Filmes,  5.836 ,  364 ,4,1/3/18,  5.836 ,  364 
O fantástico patinho feio,O fantástico patinho feio,Elo Company,  5.728 ,  598 ,14,22/11/18,  5.728 ,  598 
Vox Lux,Vox Lux,Paris,  5.642 ,  524 ,0,7/12/18,  5.642 ,  524 
Marcha cega,Marcha cega,Elo Company,  5.382 ,  739 ,10,27/9/18,  5.382 ,  739 
Paulistas,Paulistas,Vitrine,  5.187 ,  724 ,5,22/2/18,  5.187 ,  724 
Camocim,Camocim,Vitrine,  5.128 ,  691 ,12,13/9/18,  5.128 ,  691 
Professor Marston e as Mulheres-Maravilhas,Professor Marston & the Wonder-Women,Sony,  4.996 ,  305 ,12,14/12/17,  76.123 ,  4.517 
Estrada de sonhos,Estrada de sonhos,Com Domínio Filmes,  4.973 ,  357 ,1,5/7/18,  4.973 ,  357 
Moacir - O santista que conquistou os argentinos,Moacir - O santista que conquistou os argentinos,Miração Filmes,  4.778 ,  517 ,2,8/11/18,  4.778 ,  517 
Torre. Um dia brilhante,Wieza. Jasny dzien,Zeta Filmes,  4.268 ,  264 ,1,15/11/18,  4.268 ,  264 
Meu tio e o Joelho de Porco,Meu tio e o Joelho de Porco,Elo Company,  4.113 ,  499 ,12,30/8/18,  4.113 ,  499 
Salto no vazio,Salto no vazio,Cavideo,  4.103 ,  252 ,1,20/9/18,  4.103 ,  252 
Coragem! - As muitas vidas de Dom Paulo Evaristo Arns,Coragem! - As muitas vidas de Dom Paulo Evaristo Arns,Espaço Itaú de Cinema,  4.073 ,  331 ,9,14/12/17,  18.003 ,  1.200 
Górgona,Górgona,Espaço Filmes,  4.046 ,  211 ,3,29/3/18,  4.046 ,  211 
Rio Mumbai,Rio Mumbai,Copa Filmes,  3.850 ,  282 ,3,24/5/18,  3.850 ,  282 
Antes do fim,Antes do fim,Bela Filmes,  3.795 ,  284 ,0,15/2/18,  3.795 ,  284 
Como você me vê?,Como você me vê?,Livres Filmes,  3.295 ,  258 ,1,18/1/18,  3.295 ,  258 
Para ter onde ir,Para ter onde ir,02 Play,  3.282 ,  335 ,4,10/5/18,  3.282 ,  335 
Literalmente especiais,Literalmente especiais,Distribuição Própria,  3.033 ,  294 ,1,11/1/18,  3.033 ,  294 
O pacto de Adriana,El pacto de Adriana,FJ Cines,  2.986 ,  210 ,0,11/1/18,  2.986 ,  210 
Verão em Rildas,Verão em Rildas,Cavideo,  2.927 ,  213 ,2,4/10/18,  2.927 ,  213 
Carvana - Como se faz um malandro,Carvana - Como se faz um malandro,Esfera,  2.865 ,  244 ,4,15/11/18,  2.865 ,  244 
Memórias de uma escola,Memórias de uma escola,Distribuição Própria,  2.834 ,  273 ,1,11/1/18,  2.834 ,  273 
Como fotografei os Yanomami,Como fotografei os Yanomami,Descoloniza Filmes,  2.748 ,  155 ,1,9/8/18,  2.748 ,  155 
Brusque 92,Brusque 92,Distribuição Própria,  2.724 ,  211 ,2,11/10/18,  2.724 ,  211 
Sailing band,Sailing band,DTF/Paris,  2.609 ,  130 ,1,11/1/18,  2.609 ,  130 
O parque,Le parc,Zeta Filmes,  2.280 ,  227 ,2,3/5/18,  2.280 ,  227 
Safári,Safári,Pandora,  2.239 ,  146 ,3,14/6/18,  2.239 ,  146 
Dê lembranças a todos - Dorival Caymmi,Dê lembranças a todos - Dorival Caymmi,Maff Distribuidora,  1.845 ,  149 ,0,22/11/18,  1.845 ,  149 
Tudo é projeto,Tudo é projeto,Olé Produções,  1.831 ,  114 ,3,14/12/17,  9.435 ,  580 
"Tudo é irrelevante, Hélio Jaguaribe","Tudo é irrelevante, Hélio Jaguaribe",Art House Movies,  1.675 ,  102 ,3,16/8/18,  1.675 ,  102 
Pra ficar na história    ,Pra ficar na história    ,Pipoca & Filmes / Forte Filmes,  1.201 ,  146 ,1,8/3/18,  1.201 ,  146 
Ataque dos titãs - fim do mundo,Attack on titans,SATO Company,  1.200 ,  70 ,3,13/5/18,  1.200 ,  70 
Roma,Roma,ND,  -   ,  3.150 ,2,14/12/18,  -   ,  3.150 
Cartoon apresenta: turma da monica,Cartoon apresenta: turma da monica,Distribuição Própria, nd, nd,nd,8/11/18, nd,nd
Rei,Rey,Descoloniza Filmes, nd, nd,nd,21/6/18, nd,nd
M,M,Distribuição Própria, nd, nd,nd,6/12/18, nd,nd
Em guerra por amor,In guerra per amore,Espaço Filmes, nd, nd,nd,31/5/18, nd,nd
Estradeiros,Estradeiros,Boulevard Filmes, nd, nd,nd,9/8/18, nd,nd
Minas do futebol ,Minas do futebol ,DTF/Paris, nd, nd,nd,13/12/18, nd,nd
Super Orquestra Arcoverdense de Ritmos... ,Super Orquestra Arcoverdense de Ritmos... ,Inquieta, nd, nd,nd,15/11/18, nd,nd
A tecnologia social ,A tecnologia social ,Docdoma Filmes, nd, nd,nd,8/11/18, nd,nd
Guarnieri,Guarnieri,Mira Filmes, nd, nd,nd,26/4/18, nd,nd
Surf no Alemão,Surf no Alemão,Cavídeo, nd, nd,nd,22/3/18, nd,nd
Rio do medo,Rio do medo,Dist. Própria, nd, nd,nd,15/3/18, nd,nd
Os caubóis do apocalipse,Os caubóis do apocalipse,Pietá Filmes, nd, nd,nd,10/3/18, nd,nd