TituloNacional,Titulo,Distribuidor,Estreia,Origem,Genero,ClassificacaoEtaria,SalasAbertura, Renda, Publico
Buscando...,Searching,Sony,9/20/2018,EUA,Thriller,14,197,  3.916.390 ,  220.675 
Motorrad,Motorrad,Warner,3/1/2018,Brasil,Thriller,16,144,  139.564 ,  10.623 
Selfie para o inferno,Selfie from hell,Cineart Filmes,6/7/2018,Canadá/ Alemanha,Terror,12,7,  12.608 ,  758 
Slender man - Pesadelo sem rosto,Slender man,Sony,8/23/2018,EUA,Terror,12,557,  6.530.590 ,  472.626 
Medo viral,Bedeviled,Fênix Filmes,8/16/2018,EUA,Terror,12,8,  59.182 ,  4.164 
"A Freira, A",The nun,Warner,9/6/2018,EUA,Terror,14,1313,  76.096.700 ,  5.294.358 
Halloween,Halloween,Universal,10/25/2018,EUA,Terror,14,866,  15.843.000 ,  1.129.383 
Sobrenatural - A última chave,Insidious - The last key,Sony,1/18/2018,EUA,Terror,14,577,  15.107.800 ,  1.077.749 
Verdade ou desafio,Truth or dare,Universal,5/3/2018,EUA,Terror,14,408,  6.883.060 ,  502.371 
Exorcismos e demônios,The crucifixion,Imagem / California,4/19/2018,EUA,Terror,14,433,  4.421.990 ,  308.757 
"O Chamado do mal, O",Malicious,Imagem,12/6/2018,EUA,Terror,14,381,  2.676.590 ,  194.645 
"A Maldição da casa Winchester, A",Winchester - The house that ghosts built,Paris,3/1/2018,EUA/Austrália,Terror,14,457,  10.316.900 ,  729.351 
"A Mata negra, A","Mata negra, A",Distribuição Própria,12/6/2018,Brasil,Terror,16,15,  8.587 ,  873 
"O Nó do diabo, O","Nó do diabo, O",Elo Company,6/28/2018,Brasil,Terror,16,2,  11.407 ,  1.414 
Hereditário,Hereditary,Diamond Films,6/21/2018,EUA,Terror,16,441,  3.551.980 ,  251.437 
"O Parque do inferno, O",Hell fest,Paris,11/22/2018,EUA,Terror,16,295,  2.721.430 ,  199.055 
"Os Estranhos - Caçada noturna, Os",The strangers - Prey at night,Diamond Films,6/7/2018,EUA,Terror,16,192,  739.594 ,  55.394 
"A Noite devorou o mundo, A",La nuit a dévoré le monde,California,7/5/2018,França,Terror,16,7,  47.282 ,  3.268 
"A Casa do medo - Incidente em Ghostland, A",Incident in a Ghostland,Paris,10/18/2018,França/Canadá,Terror,16,294,  3.140.530 ,  223.841 
"A Casa que Jack construiu, A",The house that Jack built,California,11/1/2018,Dinamarca/ França,Terror,18,31,  384.956 ,  22.625 
Culpa,The guilty,California,12/27/2018,Dinamarca,Suspense,12,31,  185.423 ,  9.708 
Fúria em alto mar,Hunter killer,Imagem / California,10/25/2018,EUA,Suspense,12,389,  3.314.200 ,  222.264 
"A Garota na névoa, A",La ragazza nella nebbia,Mares Filmes/A2 Filmes,11/8/2018,Itália,Suspense,12,3,  37.780 ,  3.106 
"A Superfície da sombra, A","Superfície da sombra, A",Panda Filmes,5/31/2018,Brasil /Uruguai,Suspense,14,13,  14.024 ,  932 
"Um Lugar silencioso, Um",A quiet place,Paramount,4/5/2018,EUA,Suspense,14,551,  22.945.600 ,  1.506.012 
"O Passageiro, O",The commuter,Imagem / California,3/8/2018,EUA,Suspense,14,391,  5.255.090 ,  332.242 
Traffik - Liberdade roubada,Traffik,Paris,9/20/2018,EUA,Suspense,14,25,  45.837 ,  2.402 
"Um Homem comum, Um",An ordinary man,Mares Filmes/A2 Filmes,11/29/2018,EUA/ Sérvia,Suspense,14,20,  57.375 ,  4.652 
Carnívoras,Carnivores,Bonfilm,9/13/2018,França/ Belgica,Suspense,14,13,  64.150 ,  4.684 
Medo profundo,47 meters down,Playarte,3/8/2018,Reino Unido/ EUA,Suspense,14,221,  720.149 ,  53.323 
"O Segredo de Davi, O","Segredo de Davi, O",Elo Company,11/22/2018,Brasil,Suspense,16,66,  110.884 ,  9.209 
Millennium - A garota na teia de aranha,The girl in the spider's web,Sony,11/8/2018,EUA,Suspense,16,311,  3.264.290 ,  194.749 
"Um Pequeno favor, Um",A simple favor,Paris,9/27/2018,EUA,Suspense,16,185,  2.726.730 ,  140.084 
"Viúvas, As",Widows,Fox,11/29/2018,EUA,Suspense,16,222,  2.679.700 ,  150.789 
Refém do jogo,Final score,California,11/22/2018,EUA,Suspense,16,184,  700.894 ,  51.274 
"O animal cordial, O","Animal cordial, O",California,8/9/2018,Brasil,Suspense,18,16,  97.785 ,  6.597 
Vingança,Revenge,Fênix Filmes,6/7/2018,França,Suspense,18,12,  52.328 ,  3.707 
Coração de cowboy,Coração de cowboy,O2 Play,9/27/2018,Brasil,Romance,12,189,  431.481 ,  31.257 
Todo dia,Every day,Paris,7/26/2018,EUA,Romance,12,239,  1.796.500 ,  115.656 
Todas as canções de amor,Todas as canções de amor,Galeria Distribuidora,11/8/2018,Brasil,Romance,14,68,  375.750 ,  25.662 
Sansão,Samson,California,9/27/2018,EUA,Religioso,14,78,  419.167 ,  31.167 
Nasce uma estrela,A star is born,Warner,10/11/2018,EUA,Musical,10,494,  25.315.300 ,  1.405.809 
Mamma Mia! Lá vamos nós de novo!,Mamma Mia! Here we go again!,Universal,8/2/2018,EUA,Musical,10,598,  14.029.200 ,  810.042 
Paraíso Perdido,Paraíso Perdido,Vitrine,5/31/2018,Brasil,Musical,14,98,  319.403 ,  22.302 
Ayrton Senna - O musical,Ayrton Senna - O musical,Osmose Filmes,4/26/2018,Brasil,Musical,livre,1,  31.605 ,  1.520 
Detetives do Prédio Azul 2 - O mistério italiano,Detetives do Prédio Azul 2 - O mistério italiano,DTF/Paris,12/20/2018,Brasil,Infantil,Livre,1051,  12.204.400 ,  873.871 
Gaby Estrella,Gaby Estrella,DTF/Paris,1/18/2018,Brasil,Infantil,livre,149,  508.218 ,  38.486 
Pedro coelho,Peter rabbit,Sony,3/22/2018,EUA,Infantil,livre,732,  12.877.900 ,  940.559 
Cadáver,The possession of Hannah Grace,Sony,11/29/2018,EUA,Horror,14,427,  5.914.850 ,  437.757 
Torre. Um dia brilhante,Wieza. Jasny dzien,Zeta Filmes,11/15/2018,Polônia,Horror,14,1,  4.268 ,  264 
Virgens acorrentadas,Virgin cheerleaders in chains,Moro Filmes,8/9/2018,EUA/Brasil,Horror,16,11,  30.019 ,  2.669 
7 dias em Entebbe,Entebbe,Diamond Films,4/19/2018,Reino Unido/ EUA,Guerra,12,171,  1.937.860 ,  93.533 
Operação Overlord,Overlord,Paramount,11/8/2018,EUA,Guerra,16,366,  2.858.540 ,  198.613 
Submersão,Submergence,California,4/19/2018,EUA,Ficção-científica/ terror,14,60,  411.473 ,  19.436 
Maze Runner - A cura mortal,Maze Runner - The death cure,Fox,1/25/2018,EUA,Ficção-científica,12,1017,  22.583.000 ,  1.453.897 
Han Solo - Uma história Star Wars,Han Solo - A Star Wars story,Disney,5/24/2018,EUA,Ficção-científica,12,1325,  13.030.200 ,  711.337 
Círculo de fogo - A revolta,Pacific rim - Uprising,Universal,3/22/2018,EUA,Ficção-científica,12,819,  12.762.800 ,  854.960 
Jogador nº 1,Ready player one,Warner,3/29/2018,EUA,Ficção-científica,12,741,  19.931.300 ,  1.164.753 
Mentes sombrias,The darkest minds,Fox,8/16/2018,EUA,Ficção-científica,14,261,  2.491.040 ,  179.157 
Pequena grande vida,Downsizing,Paramount,2/22/2018,EUA,Ficção-científica,14,198,  1.867.290 ,  117.729 
"O Último Suspiro, O",Dans la brume,Bonfilm,10/31/2018,França,Ficção-científica,14,0,  27.871 ,  2.349 
A Repartição do tempo,"Repartição do tempo, A",O2 Play,2/1/2018,Brasil,Ficção-científica,16,34,  32.724 ,  2.210 
"O Homem que parou o tempo, O","Homem que parou o tempo, O",Elo Company,9/13/2018,Brasil,Ficção-científica,16,18,  8.611 ,  1.092 
"O Mistério do relógio na parede, O",The house with a clock in its walls,Universal,9/20/2018,EUA,Fantasia,10,405,  5.309.170 ,  379.548 
Encantados,Encantados,Riofilme,3/8/2018,Brasil,Fantasia,14,30,  33.266 ,  2.348 
Pra ficar na história    ,Pra ficar na história    ,Pipoca & Filmes / Forte Filmes,3/8/2018,Brasil,Fantasia,livre,1,  1.201 ,  146 
"O Retorno de Mary Poppins, O",Mary Poppins returns,Disney,12/20/2018,EUA,Fantasia,livre,657,  4.759.500 ,  282.251 
"Espécie de família, Uma","Espécie de família, Una",Pandora,3/8/2018,Argentina/ Brasil,Drama,10,13,  48.464 ,  3.432 
Finding Josef,Finding Josef,Distribuição Própria,9/20/2018,Brasil,Drama,10,1,  26.188 ,  2.266 
Pela janela,Pela janela,Vitrine,1/18/2018,Brasil/Argentina,Drama,10,11,  40.400 ,  5.693 
Teu mundo não cabe nos meus olhos,Teu mundo não cabe nos meus olhos,DTF/Paris,5/3/2018,Brasil,Drama,10,109,  237.347 ,  14.541 
Unicórnio,Unicórnio,Vitrine,8/16/2018,Brasil,Drama,10,16,  53.614 ,  6.648 
"Que de verdade importa, O",The healer,Anagrama Filmes,9/27/2018,Espanha/ EUA,Drama,10,374,  5.231.960 ,  350.708 
"A Livraria, A",The bookshop,Cineart Filmes,3/22/2018,Espanha/ Reino Unido,Drama,10,28,  504.683 ,  31.945 
Tudo que quero,Please stand by,Imagem,4/26/2018,EUA,Drama,10,50,  381.740 ,  18.397 
Sem fôlego,Wonderstruck,H2O Films,1/25/2018,EUA,Drama,10,25,  69.237 ,  4.806 
Po,A boy called Po,Cineart Filmes,11/22/2018,EUA,Drama,10,6,  11.132 ,  876 
Esplendor,Hikari,Imovision,5/10/2018,Japão/França,Drama,10,15,  116.625 ,  6.976 
"Os Invisíveis, Os",Die unsichtbaren,Mares Filmes/A2 Filmes,10/4/2018,Alemanha,Drama,12,19,  510.918 ,  31.437 
Western,Western,Zeta Filmes,3/15/2018,Alemanha/ Bulgária/ Áustria,Drama,12,6,  21.522 ,  1.295 
"A Natureza do tempo, A",En attendant les hirondelles,Imovision,5/17/2018,Alemanha/Argélia/França,Drama,12,6,  86.655 ,  4.664 
"Noiva do deserto, A",La novia del desierto,Imovision,4/12/2018,Argentina,Drama,12,10,  85.764 ,  5.409 
Minha amiga do parque,Mi amiga del parque,Descoloniza Filmes,2/22/2018,Argentina,Drama,12,4,  20.192 ,  1.304 
"A cabeça de Gumercindo Saraiva, A","Cabeça de Gumercindo Saraiva, A",Elo Company,10/25/2018,Brasil,Drama,12,11,  45.135 ,  4.196 
Benzinho,Benzinho,Vitrine,8/23/2018,Brasil,Drama,12,35,  593.114 ,  39.699 
Para ter onde ir,Para ter onde ir,02 Play,5/10/2018,Brasil,Drama,12,4,  3.282 ,  335 
Querida mamãe,Querida mamãe,Elo Company,5/17/2018,Brasil,Drama,12,8,  16.794 ,  1.546 
Severina,Severina,Vitrine,4/12/2018,Brasil /Uruguai,Drama,12,17,  143.628 ,  13.542 
Rei,Rey,Descoloniza Filmes,6/21/2018,Chile,Drama,12,0,  684 ,  42 
Paulo - Apóstolo de Cristo,Paul - Apostle of Christ,Sony,5/3/2018,EUA,Drama,12,429,  11.018.800 ,  776.616 
The Post - A guerra secreta,The Post,Universal,1/25/2018,EUA,Drama,12,235,  9.163.720 ,  476.775 
"O Primeiro homem, O",First man,Universal,10/18/2018,EUA,Drama,12,444,  5.756.940 ,  302.439 
Vidas à deriva,Adrift,Diamond Films,8/9/2018,EUA,Drama,12,487,  3.794.160 ,  236.189 
Eu só posso imaginar,I can only imagine,Paris,5/31/2018,EUA,Drama,12,470,  3.717.880 ,  252.319 
Deus não está morto - Uma luz na escuridão,God's not dead - A light in the darkness,California,8/30/2018,EUA,Drama,12,268,  3.711.820 ,  273.949 
Trama fantasma,Phantom thread,Universal,2/22/2018,EUA,Drama,12,68,  2.207.430 ,  114.261 
Sol da meia-noite,Midnight sun,Diamond Films,6/14/2018,EUA,Drama,12,201,  420.613 ,  30.756 
"A Melhor escolha, A",Last flag flying,Imagem,3/22/2018,EUA,Drama,12,44,  350.553 ,  16.256 
"O Quebra-cabeça, O",Puzzle,Sony,11/15/2018,EUA,Drama,12,13,  151.739 ,  8.862 
Baseado em fatos reais,D' après une histoire vraie,Paris,4/12/2018,França,Drama,12,48,  697.847 ,  34.861 
"Casa à beira-mar, Uma",La villa,Imovision,7/12/2018,França,Drama,12,27,  658.598 ,  39.685 
Troca de rainhas,L'echange des pricesses,Pandora,8/16/2018,França,Drama,12,29,  462.086 ,  28.329 
"A câmera de Claire, A",La caméra de Claire,Pandora,5/24/2018,França,Drama,12,14,  175.207 ,  10.783 
"Temporada na França, Uma",Un saison en France,Imovision,4/5/2018,França,Drama,12,7,  101.128 ,  6.721 
"A aparição, A",L´apparition,Mares Filmes/A2 Filmes,8/9/2018,França,Drama,12,11,  83.235 ,  6.166 
"O Filho uruguaio, O",Une Vie Ailleurs,Bonfilm,3/1/2018,França,Drama,12,2,  34.234 ,  2.487 
"O Parque, O",Le parc,Zeta Filmes,5/3/2018,França,Drama,12,2,  2.280 ,  227 
"Orgulho, O",Le brio,Pandora,7/19/2018,França/ Belgica,Drama,12,35,  904.336 ,  53.580 
"Um Dia, Um",Egy nap,Zeta Filmes,10/11/2018,Hungria,Drama,12,11,  75.613 ,  4.901 
"Sem data, sem assinatura","Bedoune tarikh, bedoune emza",Imovision,9/20/2018,Irã,Drama,12,15,  172.354 ,  10.401 
Emma e as cores da vida,Il colore nascosto delle cose,Arteplex Filmes,12/27/2018,Itália,Drama,12,14,  74.578 ,  4.254 
Hannah,Hannah,Zeta Filmes,7/12/2018,Itália/ França,Drama,12,20,  171.566 ,  10.176 
"O Terceiro assassinato, O",Sandome no satsujin,Imovision,4/19/2018,Japão,Drama,12,7,  112.263 ,  5.781 
Asako I & II,Netemo sametemo,Zeta Filmes,12/20/2018,Japão,Drama,12,8,  25.329 ,  1.495 
Lámen shop,Ramen teh,Imovision,7/26/2018,Japão/França,Drama,12,17,  247.452 ,  13.980 
"As Herdeiras, As",Las herederas,Imovision,8/30/2018,Paraguai,Drama,12,21,  327.244 ,  19.905 
Somente o mar sabe,The mercy,Paris,4/26/2018,Reino Unido,Drama,12,24,  238.442 ,  11.727 
"O Confeiteiro, O",The cakemaker,Imovision,12/27/2018,Alemanha,Drama,14,17,  113.193 ,  6.361 
"O Caminho dos sonhos, O",Der traumhafte weg,Zeta Filmes,6/14/2018,Alemanha,Drama,14,1,  7.507 ,  529 
Zama,Zama,Vitrine,3/29/2018,Argentina/ Espanha,Drama,14,13,  141.745 ,  10.331 
Café,Caffè,California,8/2/2018,Bélgica/Itália,Drama,14,3,  17.560 ,  1.060 
10 segundos para vencer,10 segundos para vencer,Imagem,9/27/2018,Brasil,Drama,14,281,  801.653 ,  51.526 
"A Cidade do futuro, A","Cidade do futuro, A",Espaço Filmes / Vitrine,4/26/2018,Brasil,Drama,14,16,  152.006 ,  11.598 
Além do homem,Além do homem,Imagem,6/28/2018,Brasil,Drama,14,24,  46.426 ,  2.826 
Amores de chumbo,Amores de chumbo,Elo Company,6/14/2018,Brasil,Drama,14,0,  15.641 ,  1.708 
Antes do fim,Antes do fim,Bela Filmes,2/15/2018,Brasil,Drama,14,0,  3.795 ,  284 
"As  boas maneiras, As","Boas maneiras, As",Imovision,6/7/2018,Brasil/ França,Drama,14,28,  144.234 ,  8.863 
Berenice procura,Berenice procura,H2O Films,6/28/2018,Brasil,Drama,14,23,  88.534 ,  5.759 
Café com canela,Café com canela,Arco Audiovisual,8/16/2018,Brasil,Drama,14,1,  111.191 ,  9.411 
Ferrugem,Ferrugem,Olhar Distribuição,8/30/2018,Brasil,Drama,14,47,  352.925 ,  25.783 
Fica mais escuro antes do amanhecer,Fica mais escuro antes do amanhecer,02 Play,8/30/2018,Brasil,Drama,14,9,  5.876 ,  460 
Intimidade entre estranhos,Intimidade entre estranhos,Galeria Distribuidora,12/13/2018,Brasil,Drama,14,41,  62.487 ,  3.802 
Los territorios,Los territorios,Vitrine,6/7/2018,Brasil/Argentina,Drama,14,4,  9.779 ,  987 
"O banquete, O","Banquete, O",Imovision,9/13/2018,Brasil,Drama,14,27,  153.436 ,  8.575 
"O beijo no asfalto, O","Beijo no asfalto, O",Art House Movies,12/6/2018,Brasil,Drama,14,19,  101.548 ,  6.575 
"Os Incontestáveis, Os","Incontestáveis, Os",Livres Filmes,8/9/2018,Brasil,Drama,14,8,  6.090 ,  552 
Praça Paris,Praça Paris,Imovision,4/26/2018,Brasil/ Portugal,Drama,14,18,  190.846 ,  11.692 
Yonlu,Yonlu,Lança Filmes,8/30/2018,Brasil,Drama,14,25,  93.121 ,  6.984 
Colheita amarga,Bitter harvest,California,5/24/2018,Canadá,Drama,14,5,  29.659 ,  1.868 
Olhos do deserto,Eye on Juliet,Esfera,5/24/2018,Canadá/ França,Drama,14,7,  12.013 ,  865 
Cachorros,lOS PERROS,Imovision,7/5/2018,Chile,Drama,14,5,  69.298 ,  4.129 
"O Motorista de táxi, O",Taeksi woonjunsa,California,1/11/2018,Coréia do Sul,Drama,14,3,  35.602 ,  2.548 
Lady Bird - A hora de voar,Lady Bird,Universal,2/15/2018,EUA,Drama,14,69,  1.855.970 ,  104.564 
"A Grande jogada, A",Molly's game,Diamond Films,2/22/2018,EUA,Drama,14,181,  1.292.010 ,  76.676 
Desobediência,Disobedience,Sony,6/21/2018,EUA,Drama,14,31,  1.226.520 ,  70.045 
15h17 - Trem para Paris,The 15:17 to Paris,Warner,3/8/2018,EUA,Drama,14,26,  754.061 ,  36.212 
12 heróis,12 strong,Diamond Films,3/15/2018,EUA,Drama,14,89,  545.894 ,  31.444 
Projeto Flórida,The Florida project,Diamond Films,3/1/2018,EUA,Drama,14,40,  407.241 ,  23.336 
"Que te faz mais forte, O",Stronger,Paris,2/8/2018,EUA,Drama,14,32,  224.002 ,  12.070 
Artista do desastre,The disaster artist,Warner,1/25/2018,EUA,Drama,14,12,  157.272 ,  8.269 
"Ódio que você semeia, O",The hate u give,Fox,12/6/2018,EUA,Drama,14,16,  82.117 ,  4.474 
Acrimônia - Ela quer vingança,Acrimony,Paris,8/9/2018,EUA,Drama,14,25,  58.303 ,  3.154 
Vox Lux,Vox Lux,Paris,12/7/2018,EUA,Drama,14,0,  5.642 ,  524 
Colette,Colette,Diamond Films,12/13/2018,EUA/ Reino Unido,Drama,14,51,  663.019 ,  34.868 
Deixe a luz do sol entrar,Un beau soleil interieur,Imovision,3/29/2018,França,Drama,14,16,  838.671 ,  49.656 
Custódia ,Jusqu'à la garde,Supo Mungam Films,7/5/2018,França,Drama,14,30,  342.837 ,  21.284 
Amante por um dia,L'amant d'un jour,Fênix Filmes,3/15/2018,França,Drama,14,19,  178.378 ,  11.273 
Primavera em Casablanca,Razzia,California,7/19/2018,França,Drama,14,12,  176.144 ,  12.448 
Paris 8,Mes provinciales,Cineart Filmes,5/17/2018,França,Drama,14,28,  84.479 ,  5.350 
"A Número um, A",Numéro une,Imovision,3/8/2018,França,Drama,14,9,  74.749 ,  4.613 
"A Prece, A",La prière,Imovision,11/8/2018,França,Drama,14,3,  51.999 ,  3.190 
Me chame pelo seu nome,Call me by your name,Sony,1/18/2018,França/ Itália,Drama,14,62,  2.942.240 ,  169.651 
"O Insulto, O",L'insulte,Imovision,2/8/2018,França/ Líbano,Drama,14,11,  663.098 ,  39.769 
De volta,Go home,Esfera,5/31/2018,França/ Suiça,Drama,14,0,  14.680 ,  1.151 
Diamantino,Diamantino,Vitrine,12/20/2018,França/Brasil/portugal,Drama,14,13,  27.479 ,  1.646 
1945,1945,Supo Mungam Films,4/5/2018,Hungria,Drama,14,18,  235.540 ,  15.047 
Lua de Júpiter,Jupiter holdja,Imovision,5/31/2018,Hungria,Drama,14,14,  62.026 ,  3.645 
"Uma Questão pessoal, Uma",Una questione privata,Supo Mungam Films,9/20/2018,Itália,Drama,14,25,  147.444 ,  9.840 
Minha filha,Figlia mia,Imovision,10/11/2018,Itália,Drama,14,17,  103.388 ,  6.054 
Stromboli,Stromboli ? Terra di dio,Zeta Filmes,3/29/2018,Itália,Drama,14,6,  35.803 ,  2.406 
Ciganos da Ciambra,A Ciambra,Pandora,5/3/2018,Itália/ Alemanha/ Suiça,Drama,14,9,  98.305 ,  6.390 
Ella e John,The leisure seeker,Sony,4/5/2018,Itália/ França,Drama,14,7,  541.745 ,  34.233 
Antes que tudo desapareça,Sanpo suru shinryakusha,Zeta Filmes,4/12/2018,Japão,Drama,14,6,  20.316 ,  1.235 
Roma,Roma,ND,12/14/2018,México,Drama,14,2,  -   ,  3.150 
Sem amor,Loveless,Sony,2/8/2018,Russia,Drama,14,14,  347.059 ,  14.536 
Anna Karenina - A história de Vronsky,Anna Karenina - Istoriya Vronskogo,CPC-UMES Filmes,6/7/2018,Russia,Drama,14,11,  163.589 ,  10.046 
Réquiem para Sra. J,"Rekvijem za gospodju J., ",Zeta Filmes,5/24/2018,Servia/Bulgaria/Macedonia/Russia/França,Drama,14,6,  23.195 ,  1.561 
"A amante, A",Inhebek Hedi,Pandora,5/31/2018,"Tunísia, França, Bélgica, EUA",Drama,14,15,  238.427 ,  14.455 
"Uma Noite de 12 anos, Uma",La noche de 12 años,Vitrine,9/27/2018,Uruguai/Argentina/Espanha,Drama,14,12,  1.165.420 ,  66.215 
Tamara,Tamara,Lança Filmes,10/25/2018,Venezuela,Drama,14,2,  11.641 ,  788 
"Os Iniciados, Os",The wound,Zeta Filmes,1/18/2018,África do Sul,Drama,16,3,  25.635 ,  2.038 
Em pedaços,Aus dem nichts,Imovision,3/15/2018,Alemanha/ França,Drama,16,21,  405.067 ,  23.791 
"A Moça do calendário, A","Moça do calendário, A",Pandora,9/27/2018,Brasil,Drama,16,6,  17.633 ,  2.016 
"A Voz do silêncio, A","Voz do silêncio, A",Imovision,11/22/2018,Brasil,Drama,16,18,  41.903 ,  2.696 
Alguma coisa assim,Alguma coisa assim,Vitrine,7/26/2018,Brasil/Alemanha,Drama,16,16,  74.240 ,  6.068 
Aos teus olhos,Aos teus olhos,Pagu Pictures,4/12/2018,Brasil,Drama,16,47,  451.062 ,  26.782 
Arábia,Arábia,Embaúba Filmes / Pique-Bandeira Filmes,4/5/2018,Brasil,Drama,16,11,  134.712 ,  9.310 
Canastra suja,Canastra suja,Art House Movies,6/21/2018,Brasil,Drama,16,21,  19.770 ,  1.467 
"O Grande Circo Místico, O","Grande Circo Místico, O",H2O Films,11/15/2018,Brasil/ Portugal,Drama,16,100,  875.815 ,  51.526 
"O Nome da morte, O","Nome da morte, O",Imagem,8/2/2018,Brasil,Drama,16,136,  715.374 ,  47.248 
Querido embaixador,Querido embaixador,Elo Company,8/2/2018,Brasil,Drama,16,16,  23.906 ,  2.078 
Rasga coração,Rasga coração,Sony,12/6/2018,Brasil,Drama,16,30,  130.377 ,  7.901 
Tropykaos,Tropykaos,Pipa Produções,4/5/2018,Brasil,Drama,16,1,  14.315 ,  1.810 
Tungstênio,Tungstênio,Pagu Pictures,6/21/2018,Brasil,Drama,16,58,  86.893 ,  6.056 
Em chamas,Beoning,Pandora,11/15/2018,Coréia do Sul,Drama,16,8,  130.284 ,  7.694 
Escobar - A traição,Loving Pablo,California,8/23/2018,Espanha,Drama,16,98,  1.690.480 ,  71.342 
Cinquenta tons de liberdade,Fifty shades freed,Universal,2/8/2018,EUA,Drama,16,1591,  64.372.500 ,  4.360.927 
"A Forma da água, A",The shape of water,Fox,2/1/2018,EUA,Drama,16,168,  15.241.200 ,  871.667 
Todo o dinheiro do mundo,All the money in the world,Diamond Films,2/1/2018,EUA,Drama,16,323,  2.238.720 ,  131.285 
"Vida em si, A",Life itself,Paris,12/6/2018,EUA,Drama,16,209,  1.660.290 ,  82.734 
Limites,Boundaries,Sony,9/13/2018,EUA,Drama,16,20,  224.491 ,  12.348 
"O Sacrifício do cervo sagrado, O",The killing of a sacred deer,Diamond Films,2/8/2018,EUA,Drama,16,39,  221.481 ,  13.734 
Mudbound - Lágrimas sobre o Mississipi,Mudbound,Diamond Films,2/15/2018,EUA,Drama,16,24,  158.535 ,  10.345 
Por trás dos seus olhos,All I see is you,Paris,3/22/2018,EUA/ Tailândia,Drama,16,31,  193.389 ,  10.253 
Nos vemos no paraiso ,Au revoir l`-haut,Pandora,7/5/2018,França,Drama,16,18,  197.432 ,  12.946 
Marvin,Marvin ou la belle éducation,Mares Filmes/A2 Filmes,9/6/2018,França,Drama,16,22,  180.744 ,  11.664 
120 batimentos por minuto,120 battements par minute,Imovision,1/4/2018,França,Drama,16,23,  165.047 ,  11.067 
"Os Fantasmas de Ismael, Os",Les fantomes d?Ismaël,Imovision,5/3/2018,França,Drama,16,17,  127.603 ,  7.680 
Meu anjo,Angel face,Imovision,10/25/2018,França,Drama,16,30,  100.133 ,  6.119 
"Conquistar, amar e viver intensamente","Plaire, aimer et courir vite",Imovision,12/20/2018,França,Drama,16,16,  89.543 ,  5.000 
"Escala em Paris, Uma",Thirst street,Imovision,5/24/2018,França/EUA,Drama,16,4,  47.737 ,  2.777 
Nico - 1988,Nico - 1988,Supo Mungam Films,8/30/2018,Itália,Drama,16,14,  40.632 ,  2.770 
Entre-laços,Karera ga honki de amu toki wa,Lança Filmes,5/17/2018,Japão,Drama,16,7,  115.794 ,  7.082 
Museu,Museo,Supo Mungam Films,11/8/2018,México,Drama,16,26,  192.454 ,  12.188 
Utøya - 22 de julho,U - July 22,California,11/29/2018,Noruega,Drama,16,5,  24.765 ,  1.715 
Você nunca esteve realmente aqui,You were never really here,Supo Mungam Films,8/9/2018,Reino Unido/França/EUA,Drama,16,28,  454.850 ,  25.110 
Tesnota,Closeness,Zeta Filmes,8/9/2018,Russia,Drama,16,0,  2.192 ,  160 
Tinta bruta,Tinta bruta,Vitrine,12/6/2018,Brasil,Drama,18,28,  49.967 ,  6.510 
"O amante duplo, O",L'amant double,California,6/21/2018,França/ Belgica,Drama,18,46,  571.916 ,  35.442 
Djon África,Djon África,Vitrine,10/11/2018,Brasil/ Portugal,Drama,livre,14,  18.777 ,  2.758 
Mare nostrum,Mare nostrum,Imovision,10/4/2018,Brasil,Drama,livre,15,  21.305 ,  1.410 
"O Colar de Coralina, O","Colar de Coralina, O",O2 Play,11/22/2018,Brasil,Drama,Livre,37,  38.765 ,  3.723 
Salto no vazio,Salto no vazio,Cavideo,9/20/2018,Brasil,Drama,Livre,1,  4.103 ,  252 
Entrevista com Deus,An interview with God,Imagem,11/15/2018,EUA,Drama,livre,239,  2.819.840 ,  193.307 
Takara - A noite em que nadei,Takara - La nuit où j'ai nagé,Zeta Filmes,8/30/2018,França,Drama,livre,2,  19.778 ,  1.335 
M,M,Distribuição Própria,12/6/2018,França,Drama,livre,1,  322 ,  33 
Vende-se esta moto,Vende-se esta moto,Cavideo,9/6/2018,Brasil,Drama,não tem,2,  7.197 ,  500 
"A Destruição de Bernardet, A","Destruição de Bernardet, A",Espaço Filmes,8/30/2018,Brasil,Documentário,10,6,  8.927 ,  989 
Amanhã chegou,Amanhã chegou,Elo Company,10/11/2018,Brasil,Documentário,10,16,  5.975 ,  695 
Árvores vermelhas,"Red trees, ",Distribuição Própria,3/29/2018,Brasil/ EUA,Documentário,10,6,  24.723 ,  1.407 
Construindo pontes,Construindo pontes,Espaço Filmes,4/19/2018,Brasil,Documentário,10,5,  22.542 ,  2.325 
Dê lembranças a todos - Dorival Caymmi,Dê lembranças a todos - Dorival Caymmi,Maff Distribuidora,11/22/2018,Brasil,Documentário,10,0,  1.845 ,  149 
Estrada de sonhos,Estrada de sonhos,Com Domínio Filmes,7/5/2018,Brasil,Documentário,10,1,  4.973 ,  357 
"O Desmonte do monte, O","Desmonte do monte, O",Mercurio,7/5/2018,Brasil,Documentário,10,0,  61.226 ,  3.866 
Onde a moeda cai em pé: a história do São Paulo Futebol Clube,Onde a moeda cai em pé: a história do São Paulo Futebol Clube,Elo Company,11/8/2018,Brasil,Documentário,10,19,  35.922 ,  3.997 
Piripkura,Piripkura,Distribuição Própria,2/22/2018,Brasil,Documentário,10,0,  16.142 ,  871 
"Tudo é irrelevante, Hélio Jaguaribe","Tudo é irrelevante, Hélio Jaguaribe",Art House Movies,8/16/2018,Brasil,Documentário,10,3,  1.675 ,  102 
Fátima - O último mistério,Fátima - El último misterio,Coragem Distribuidora,8/9/2018,Espanha,Documentário,10,34,  2.139.620 ,  145.201 
"Hare Krishna! - O mantra, o movimento e o Swami que começou tudo","Krishna! - The mantra, the movement and the Swami who started it all",Cinépolis,5/10/2018,EUA,Documentário,10,18,  55.781 ,  2.929 
Chá com as damas,ing like a dame,Supo Mungam Films,12/13/2018,Reino Unido,Documentário,10,26,  148.581 ,  9.458 
Safári,Safári,Pandora,6/14/2018,Austria,Documentário,12,3,  2.239 ,  146 
"A Luta do século, A","Luta do século, A",Vitrine,3/15/2018,Brasil,Documentário,12,20,  30.603 ,  2.494 
Abrindo o armário,Abrindo o armário,Elo Company,8/16/2018,Brasil,Documentário,12,14,  12.472 ,  1.349 
Bonifácio - O fundador do Brasil,Bonifácio - O fundador do Brasil,IvinFilms,6/7/2018,Brasil,Documentário,12,0,  40.516 ,  2.330 
Camocim,Camocim,Vitrine,9/13/2018,Brasil,Documentário,12,12,  10.810 ,  1.574 
Cartas para um ladrão de livros,Cartas para um ladrão de livros,Boutique Filmes,3/1/2018,Brasil,Documentário,12,4,  5.836 ,  364 
Como você me vê?,Como você me vê?,Livres Filmes,1/18/2018,Brasil,Documentário,12,1,  3.295 ,  258 
Henfil,Henfil,02 Play,12/6/2018,Brasil,Documentário,12,18,  27.018 ,  1.864 
Híbridos - Os espíritos do Brasil,Híbridos - Os espíritos do Brasil,Descoloniza Filmes,3/15/2018,Brasil/ França,Documentário,12,3,  16.504 ,  1.020 
Hilda Hilst pede contato,Hilda Hilst pede contato,Imovision,8/2/2018,Brasil,Documentário,12,14,  41.686 ,  2.438 
João de Deus - O silêncio é uma prece    ,João de Deus - O silêncio é uma prece    ,DTF/Paris,5/31/2018,Brasil,Documentário,12,29,  97.670 ,  5.611 
Marcha cega,Marcha cega,Elo Company,9/27/2018,Brasil,Documentário,12,10,  5.382 ,  739 
Meu tio e o Joelho de Porco,Meu tio e o Joelho de Porco,Elo Company,8/30/2018,Brasil,Documentário,12,12,  4.113 ,  499 
Missão 115,Missão 115,Bretz Filmes,8/23/2018,Brasil,Documentário,12,7,  15.675 ,  1.070 
"My name is now, Elza Soares ","My name is now, Elza Soares ",It Filmes,11/1/2018,Brasil,Documentário,12,10,  46.280 ,  3.037 
"O Renascimento do parto 2, O","Renascimento do parto 2, O",Espaço Filmes,5/10/2018,Brasil,Documentário,12,22,  79.846 ,  5.182 
"O Renascimento do parto 3, O","Renascimento do parto 3, O",Espaço Filmes,8/30/2018,Brasil,Documentário,12,1,  29.098 ,  1.538 
Paulistas,Paulistas,Vitrine,2/22/2018,Brasil,Documentário,12,5,  6.112 ,  827 
Rogério Duarte - O tropikaoslista,Rogério Duarte - O tropikaoslista,02 Play,4/26/2018,Brasil,Documentário,12,7,  12.173 ,  993 
Saudade,Saudade,Lira Filmes,1/18/2018,Brasil/ Portugal,Documentário,12,6,  31.151 ,  1.994 
"Tecnologia social, A","Tecnologia social, A",Docdoma Filmes,11/8/2018,Brasil,Documentário,12,2,  1.432 ,  81 
Torquato Neto - Todas as horas do fim,Torquato Neto - Todas as horas do fim,Vitrine,3/8/2018,Brasil,Documentário,12,13,  71.177 ,  9.060 
"Visages, villages","Visages, villages",Fênix Filmes,1/25/2018,França,Documentário,12,13,  189.934 ,  12.154 
Coldplay: a head full of dreams,Coldplay: a head full of dreams,Cinemark,11/14/2018,Reino Unido,Documentário,12,46,  128.843 ,  7.644 
Bergman 100 anos,Bergman 100 years,Imovision,7/19/2018,Suécia,Documentário,12,24,  155.319 ,  9.698 
Moacir - O santista que conquistou os argentinos,Moacir - O santista que conquistou os argentinos,Miração Filmes,11/8/2018,Argentina,Documentário,14,2,  4.778 ,  517 
Estradeiros,Estradeiros,Boulevard Filmes,8/9/2018,Argentina,Documentário,14,0,  144 ,  12 
A Vida extra-ordinária de Tarso de Castro,"Vida extra-ordinária de Tarso de Castro, A",Boulevard Filmes,5/24/2018,Brasil,Documentário,14,5,  10.354 ,  898 
Auto de resistência,Auto de resistência,Art House Movies,6/28/2018,Brasil,Documentário,14,6,  29.521 ,  1.915 
Carvana - Como se faz um malandro,Carvana - Como se faz um malandro,Esfera,11/15/2018,Brasil,Documentário,14,4,  2.865 ,  244 
Chega de fiu fiu,Chega de fiu fiu,Taturana Mobilização Social,5/10/2018,Brasil,Documentário,14,0,  12.923 ,  837 
Górgona,Górgona,Espaço Filmes,3/29/2018,Brasil,Documentário,14,3,  4.046 ,  211 
Minas do futebol,Minas do futebol,DTF/Paris,12/13/2018,Brasil,Documentário,14,2,  556 ,  41 
Sailing band,Sailing band,DTF/Paris,1/11/2018,Brasil,Documentário,14,1,  2.609 ,  130 
Soldados do Araguaia,Soldados do Araguaia,Giros Produtora,3/22/2018,Brasil,Documentário,14,5,  17.437 ,  1.147 
Todos os Paulos do mundo,Todos os Paulos do mundo,Vitrine,5/10/2018,Brasil,Documentário,14,17,  15.464 ,  2.007 
Baronesa,Baronesa,Vitrine,6/14/2018,Brasil,Documentário,16,13,  47.539 ,  6.195 
Em nome da América,Em nome da América,Inquieta,4/5/2018,Brasil,Documentário,16,3,  6.534 ,  729 
Histórias que nosso cinema (não) contava,Histórias que nosso cinema (não) contava,Boulevard Filmes,8/23/2018,Brasil,Documentário,16,3,  24.282 ,  1.845 
"O Silêncio da noite é que tem sido testemunha das minhas amarguras, O","Silêncio da noite é que tem sido testemunha das minhas amarguras, O",Inquieta,3/15/2018,Brasil,Documentário,16,2,  6.372 ,  653 
Verão em Rildas,Verão em Rildas,Cavideo,10/4/2018,Brasil,Documentário,18,2,  2.927 ,  213 
"Onde está você, João Gilberto?","Where are you, João Gilberto?",Imovision,8/23/2018,Alemanha/ França,Documentário,livre,17,  37.388 ,  2.437 
"A Imagem da tolerância, A","Imagem da tolerância, A",Cinespaço,3/8/2018,Brasil,Documentário,livre,7,  9.789 ,  660 
"A Última abolição, A","Última abolição, A",Pipoca & Filmes ,10/18/2018,Brasil,Documentário,livre,7,  43.821 ,  2.918 
Brusque 92,Brusque 92,Distribuição Própria,10/11/2018,Brasil,Documentário,Livre,2,  2.724 ,  211 
Caminho do mar,Caminho do mar,Bang Filmes,6/7/2018,Brasil,Documentário,livre,1,  10.976 ,  1.532 
Como fotografei os Yanomami,Como fotografei os Yanomami,Descoloniza Filmes,8/9/2018,Brasil,Documentário,Livre,1,  2.748 ,  155 
Dedo na ferida,Dedo na ferida,Caliban,5/31/2018,Brasil,Documentário,livre,3,  52.958 ,  3.596 
Em um mundo interior,Em um mundo interior,Elo Company,5/31/2018,Brasil,Documentário,livre,5,  21.098 ,  2.073 
Excelentíssimos,Excelentíssimos,Vitrine,11/22/2018,Brasil,Documentário,LIVRE,3,  22.455 ,  1.809 
Ex-pajé,Ex-pajé,Gullane Entretenimento,4/26/2018,Brasil,Documentário,livre,11,  107.872 ,  6.951 
Filme paisagem - Um olhar sobre Roberto Burle Marx,Filme paisagem - Um olhar sobre Roberto Burle Marx,Elo Company,11/15/2018,Brasil,Documentário,livre,5,  17.948 ,  1.214 
Guarnieri,Guarnieri,Mira Filmes,4/26/2018,Brasil,Documentário,Livre,1,  231 ,  77 
Imagens do Estado Novo - 1937-45,Imagens do Estado Novo - 1937-45,Tatu Filmes,3/15/2018,Brasil,Documentário,livre,3,  28.468 ,  1.747 
Isto (não) é um assalto,Isto (não) é um assalto,Distribuição Própria,11/22/2018,Brasil,Documentário,Livre,2,  11.365 ,  1.197 
Meu tricolor de aço,Meu tricolor de aço,Estação Luz Filmes,12/6/2018,Brasil,Documentário,Livre,14,  142.586 ,  9.656 
"O Fantástico patinho feio, O","Fantástico patinho feio, O",Elo Company,11/22/2018,Brasil,Documentário,livre,14,  5.728 ,  598 
"O Processo, O","Processo, O",Vitrine,5/17/2018,Brasil,Documentário,livre,49,  914.504 ,  65.868 
Pagliacci,Pagliacci,Pandora,4/26/2018,Brasil,Documentário,livre,2,  8.037 ,  724 
Santoro - O homem e sua música, Santoro - O homem e sua música,Dada 'n Zen,3/8/2018,Brasil,Documentário,livre,9,  7.385 ,  480 
Ser tão velho cerrado,Ser tão velho cerrado,O2 Play,8/9/2018,Brasil,Documentário,Livre,2,  21.513 ,  1.200 
Slam - Voz de levante,Slam - Voz de levante,Pagu Pictures,11/22/2018,Brasil/ EUA,Documentário,Livre,9,  12.565 ,  728 
Vinte anos,Vinte anos,Art House Movies,7/26/2018,Brasil,Documentário,livre,5,  10.465 ,  659 
"Pacto de Adriana, O",El pacto de Adriana,FJ Cines,1/11/2018,Chile,Documentário,livre,0,  2.986 ,  210 
Maria Callas - Em suas próprias palavras,Maria by Callas,Imovision,12/6/2018,França,Documentário,Livre,15,  239.467 ,  14.038 
"A busca do chef Ducasse, A",La quête d´Alain Ducasse,Bonfilm,10/31/2018,França,Documentário,livre,0,  25.899 ,  2.279 
Para sempre Chape,Para sempre Chape,Arcoplex,8/9/2018,Uruguai,Documentário,Livre,27,  28.108 ,  1.974 
Literalmente especiais,Literalmente especiais,Distribuição Própria,1/11/2018,Brasil,Documentário,livre ,1,  3.033 ,  294 
Memórias de uma escola,Memórias de uma escola,Distribuição Própria,1/11/2018,Brasil,Documentário,livre , ,  2.834 ,  273 
"O Corpo em terapia, O","Corpo em terapia, O",Distribuição Própria,8/23/2018,Brasil,Documentário,não tem,1,  7.342 ,  439 
Rio do medo,Rio do medo,Distribuição Própria,3/15/2018,Brasil,Documentário,,0,  519 ,  79 
Super Orquestra Arcoverdense de Ritmos... ,Super Orquestra Arcoverdense de Ritmos... ,Inquieta,11/15/2018,Brasil,Documentário,,,,
Surf no Alemão,Surf no Alemão,Cavideo,3/22/2018,Brasil,Documentário,,1,  573 ,  38 
Talvez uma história de amor,Talvez uma história de amor,Warner,6/14/2018,Brasil,Comédia - Romântica,10,146,  544.712 ,  38.372 
Em guerra por amor,In guerra per amore,Espaço Filmes,5/31/2018,Itália,Comédia - Dramática,12,0,  312 ,  33 
"A Fábrica de nada, A","Fábrica de nada, A",Imovision,9/27/2018,Portugal,Comédia - Dramática,14,6,  14.259 ,  848 
Ana e Vitória,Ana e Vitória,Galeria Distribuidora,8/2/2018,Brasil,Comédia,12,197,  991.915 ,  70.889 
Como é cruel viver assim,Como é cruel viver assim,H2O Films,8/16/2018,Brasil,Comédia,12,37,  72.915 ,  4.833 
Crô em família,Crô em família,Imagem,9/6/2018,Brasil,Comédia,12,582,  6.810.770 ,  484.443 
Minha vida em Marte,Minha vida em Marte,DTF/Paris,12/27/2018,Brasil,Comédia,12,930,  14.456.900 ,  925.042 
Mulheres alteradas,Mulheres alteradas,DTF/Paris,7/5/2018,Brasil,Comédia,12,163,  1.439.200 ,  92.568 
Não se aceitam devoluções,Não se aceitam devoluções,Fox,5/31/2018,Brasil,Comédia,12,468,  4.181.990 ,  299.986 
"Os Farofeiros, Os","Farofeiros, Os",DTF/Paris,3/8/2018,Brasil,Comédia,12,727,  36.699.000 ,  2.629.466 
Quase memória,Quase memória,Pandora,4/19/2018,Brasil,Comédia,12,16,  57.010 ,  3.954 
Tudo acaba em festa,Tudo acaba em festa,DTF/Paris,11/15/2018,Brasil,Comédia,12,84,  461.591 ,  30.526 
"Uma Quase dupla, Uma","Quase dupla, Uma",DTF/Paris,7/19/2018,Brasil,Comédia,12,444,  9.152.830 ,  643.084 
"O Dia depois, O",Geu-Hu,Pandora,4/12/2018,Coréia do Sul,Comédia,12,6,  64.174 ,  4.310 
"Com amor, Simon","Love, Simon",Fox,4/5/2018,EUA,Comédia,12,368,  4.921.650 ,  325.021 
De repente uma familia,Instant family,Paramount,11/29/2018,EUA,Comédia,12,402,  4.682.700 ,  330.051 
Do jeito que elas querem,Book club,Paris,6/14/2018,EUA,Comédia,12,267,  2.865.180 ,  163.343 
Sexy por acidente,I feel pretty,Paris,6/28/2018,EUA,Comédia,12,260,  2.020.230 ,  136.251 
Podres de ricos,Crazy rich asians,Warner,10/25/2018,EUA,Comédia,12,66,  719.711 ,  41.993 
"Juliet, nua e crua","Juliet, naked",Diamond Films,10/4/2018,EUA,Comédia,12,17,  150.237 ,  8.869 
Tio Drew,Uncle Drew,Paris,7/19/2018,EUA,Comédia,12,30,  75.633 ,  4.187 
"A Outra mulher, A ",Amoureux de ma femme,Imovision,8/16/2018,França,Comédia,12,38,  705.223 ,  39.397 
50 são os novos 30 ,Marie-Francine,Cineart Filmes,6/28/2018,França,Comédia,12,13,  339.908 ,  23.039 
"Um Segredo em Paris, Um",Drôles d'oiseaux,Pagu Pictures,11/15/2018,França,Comédia,12,24,  324.031 ,  19.757 
De Carona para o Amor,Tout Le Monde Debout,California,8/2/2018,França,Comédia,12,14,  185.269 ,  12.861 
"O Poder de Diane, O",Diane a les épaules,Bonfilm,10/18/2018,França,Comédia,12,4,  67.210 ,  5.073 
"Vida em família, A",La vitta in comune,Pagu Pictures,9/6/2018,Itália,Comédia,12,14,  262.834 ,  15.163 
Johnny English 3.0,Johnny English strikes again,Universal,11/1/2018,Reino Unido,Comédia,12,205,  1.828.360 ,  123.693 
"A Outra história do mundo, A",Otra historia del mundo,Fênix Filmes,8/2/2018,Uruguai,Comédia,12,12,  65.381 ,  4.004 
"O Futuro adiante, O",El futuro que Vienev,Supo Mungam Films,10/4/2018,Argentina,Comédia,14,14,  76.325 ,  4.732 
Sueño Florianópolis,Sueño Florianópolis,Vitrine,11/15/2018,Argentina/ Brasil,Comédia,14,18,  32.223 ,  4.211 
"A Excêntrica familia de Gaspard, A",Gaspard va au mariage,Bonfilm,11/29/2018,Bélgica/ França,Comédia,14,10,  86.945 ,  6.560 
Alguém como eu,Alguém como eu,DTF/Paris,5/24/2018,Brasil/ Portugal,Comédia,14,134,  400.965 ,  28.359 
Antes que eu me esqueça,Antes que eu me esqueça,Imagem,5/24/2018,Brasil,Comédia,14,63,  280.045 ,  16.424 
"O Candidato honesto 2, O","Candidato honesto 2, O",DTF/Paris,8/30/2018,Brasil,Comédia,14,737,  8.394.350 ,  588.369 
"O Homem perfeito, O","Homem perfeito, O",DTF/Paris,9/27/2018,Brasil,Comédia,14,42,  177.733 ,  11.315 
"A Noite do jogo, A",Game night,Warner,5/10/2018,EUA,Comédia,14,319,  3.238.270 ,  202.207 
Correndo atrás de um pai,Father figures,Paris,1/18/2018,EUA,Comédia,14,176,  1.552.290 ,  100.155 
Tully,Tully,Diamond Films,5/24/2018,EUA,Comédia,14,56,  664.202 ,  34.098 
A pé ele não vai longe,"Don't worry, he won't get far on foot",Diamond Films,12/27/2018,EUA,Comédia,14,35,  156.837 ,  7.373 
Ponto cego,Blindspotting,Paris,10/4/2018,EUA,Comédia,14,27,  58.454 ,  3.645 
"A Primeira noite de um homem, A",The graduate,Zeta Filmes,1/4/2018,EUA,Comédia,14,4,  14.794 ,  1.777 
Estás me matando Susana,Me estás matando Susana,Mares Filmes/A2 Filmes,10/18/2018,EUA/ México,Comédia,14,22,  107.975 ,  6.703 
Madame,Madame,California,3/29/2018,França,Comédia,14,28,  706.796 ,  39.388 
"O Retorno do Herói, O",Le retour du héros,Mares Filmes/A2 Filmes,9/20/2018,França,Comédia,14,25,  234.091 ,  15.477 
Chateau - Paris,La vie de chateau,Europa,3/22/2018,França,Comédia,14,5,  29.543 ,  2.108 
2 outonos e 3 Invernos,2 automnes 3 hivers,Fênix Filmes,12/6/2018,França,Comédia,14,3,  7.521 ,  671 
"A Festa, A",The party,Mares Filmes/A2 Filmes,7/26/2018,Reino Unido,Comédia,14,32,  763.903 ,  43.469 
Acertando o passo,Finding your feet,California,5/10/2018,Reino Unido,Comédia,14,37,  370.192 ,  21.701 
The square - A arte da discórdia,The square,Pandora,1/4/2018,Suécia/ Alemanha/ Noruega/ França,Comédia,14,26,  641.300 ,  39.576 
Em 97 era assim,Em 97 era assim,Bretz Filmes,6/14/2018,Brasil,Comédia,16,13,  10.080 ,  756 
"Os Caubóis do apocalipse, Os","Caubóis do apocalipse, Os",Pietá Filmes,3/10/2018,Brasil,Comédia,16,0,  1.765 ,  83 
"Os Exterminadores do além - Contra a loira do banheiro, Os","Exterminadores do além - Contra a loira do banheiro, Os",Galeria Distribuidora,11/29/2018,Brasil,Comédia,16,332,  2.331.180 ,  173.437 
Todas as razões para esquecer,Todas as razões para esquecer,Bretz Filmes/Pagu Pictures,3/1/2018,Brasil,Comédia,16,18,  36.213 ,  2.155 
Todo clichê do amor,Todo clichê do amor,Enkapothado Filmes / MUK,4/19/2018,Brasil,Comédia,16,8,  10.066 ,  582 
Três anúncios para um crime,"Three Billboards outside Ebbing, Missouri",Fox,2/15/2018,EUA,Comédia,16,100,  7.305.890 ,  393.042 
Meu ex é um espião,The spy who dumped me,Paris,8/23/2018,EUA,Comédia,16,343,  2.282.980 ,  154.845 
Te peguei!,TAG,Warner,8/23/2018,EUA,Comédia,16,68,  437.154 ,  24.872 
Crimes em Happytime,The Happytime murders,Diamond Films,9/27/2018,EUA,Comédia,16,12,  11.638 ,  728 
"A Morte de Stalin, A",Death of Stalin,Paris,6/7/2018,EUA/ França/ Reino Unido,Comédia,16,26,  236.039 ,  13.088 
Oh Lucy!,Oh Lucy!,Imovision,6/28/2018,EUA/ Japão,Comédia,16,9,  169.431 ,  9.629 
Daphne,Daphne,Supo Mungam Films,3/8/2018,Reino Unido,Comédia,16,7,  40.665 ,  3.025 
Encolhi a professora,"Hilfe, ich hab meine lehrerin geschrumpft",Mares Filmes/Alpha Filmes,1/25/2018,Alemanha/ Áustria,Comédia,livre,120,  308.226 ,  23.644 
Tudo por um popstar,Tudo por um popstar,DTF/Paris,10/11/2018,Brasil,Comédia,livre,548,  15.799.800 ,  1.191.512 
"O Paciente - O caso Tancredo Neves, O","Paciente - O caso Tancredo Neves, O",DTF/Paris,9/13/2018,Brasil,Biografia,10,92,  819.174 ,  40.792 
Chacrinha - O velho guerreiro,Chacrinha - O velho guerreiro,DTF/Paris,11/8/2018,Brasil,Biografia,12,269,  529.182 ,  36.131 
Nada a perder,Nada a perder ,DTF/Paris,3/29/2018,Brasil,Biografia,12,1170,  119.161.000 ,  11.985.261 
"A Odisseia, A",L'odyssée,Esfera,3/22/2018,França,Biografia,12,22,  96.014 ,  5.851 
"O Destino de uma nação, O",Darkest hour,Universal,1/11/2018,Reino Unido,Biografia,12,182,  8.321.120 ,  413.632 
Maria Madalena,Mary Magdalene,Universal,3/15/2018,Reino Unido,Biografia,12,381,  3.198.100 ,  204.333 
Estrelas de cinema nunca morrem,Film stars dont die in Liverpool,Diamond Films,4/26/2018,Reino Unido,Biografia,12,9,  188.520 ,  10.999 
Egon Schiele - Morte e a donzela,Egon Schiele - Tod und mädchen,Cineart Filmes,7/19/2018,Austria,Biografia,14,14,  116.393 ,  6.957 
Bohemian Rhapsody,Bohemian Rhapsody,Fox,11/1/2018,EUA,Biografia,14,617,  51.920.100 ,  2.917.786 
"Eu, Tonya","I, Tonya",California,2/15/2018,EUA,Biografia,14,46,  880.314 ,  50.764 
Gauguin - Viagem ao Taiti ,Gauguin - Voyage De Tahiti,Mares Filmes/A2 Filmes,8/23/2018,França,Biografia,14,24,  280.785 ,  19.222 
Promessa ao Amanhecer,La promesse de l'aube,Bonfilm,7/26/2018,França,Biografia,14,26,  250.047 ,  16.948 
Dovlatov,Dovlatov,Imovision,6/14/2018,Polônia,Biografia,14,4,  29.831 ,  1.877 
Verão,Leto,Imovision,11/15/2018,Russia,Biografia,14,13,  23.449 ,  1.318 
Lou,Lou Andreas Salomé,Cineart Filmes,1/11/2018,Alemanha,Biografia,16,9,  504.392 ,  33.799 
Legalize já - Amizade nunca morre,Legalize já - Amizade nunca morre,Imagem,10/18/2018,Brasil,Biografia,16,167,  537.206 ,  37.629 
"Dobra no tempo, Uma",A wrinkle in time,Disney,3/29/2018,EUA,Aventura,10,287,  2.515.500 ,  155.966 
Rio Mumbai,Rio Mumbai,Copa Filmes,5/24/2018,Brasil,Aventura,12,3,  3.850 ,  282 
Jurassic World - Reino ameaçado,Jurassic World - Fallen kingdom,Universal,6/21/2018,EUA,Aventura,12,1461,  80.707.600 ,  5.325.016 
"A Rota selvagem, A",Lean on Pete,Diamond Films,11/15/2018,EUA,Aventura,12,18,  51.257 ,  2.999 
Animais fantásticos - Os crimes de Grindelwald,Fantastic beasts - The crimes of Grindelwald,Warner,11/15/2018,EUA/ Reino Unido,Aventura,12,1484,  59.168.900 ,  3.557.014 
Tomb Raider - A origem,Tomb Raider,Warner,3/15/2018,EUA,Aventura,14,958,  14.582.600 ,  904.364 
Robin Hood - A origem,Robin Hood - Origins,Paris,11/29/2018,EUA,Aventura,14,598,  12.399.500 ,  889.900 
Comboio de sal e açúcar,Comboio de sal e açúcar,Livres Filmes,6/7/2018,Portugal/França/Brasil,Aventura,14,14,  33.063 ,  2.218 
Papillon,Papillon,Imagem,10/4/2018,EUA,Aventura,16,65,  1.038.590 ,  53.570 
"O Quebra-Nozes e os quatro reinos, O",The Nutcracker and the four realms,Disney,11/1/2018,EUA,Aventura,Livre,821,  13.103.500 ,  857.299 
Goosebumps 2: Halloween assombrado,Goosebumps - Haunted halloween,Sony,10/11/2018,EUA,Aventura,livre,418,  4.700.110 ,  338.358 
Christopher Robin - Um reencontro inesquecível,Christopher Robin,Disney,8/16/2018,EUA,Aventura,livre,299,  4.453.950 ,  295.598 
"Os Incríveis 2, Os",The incredibles 2,Disney,6/28/2018,EUA,Animação,10,1584,  144.981.000 ,  9.881.675 
Ilha dos cachorros,Isle of dogs,Fox,7/19/2018,EUA,Animação,12,11,  434.730 ,  23.928 
"A Raposa má, A",LE GRAND MÉCHANT RENARD ET AUTRES CONTES,Bonfilm,10/31/2018,França,Animação,12,0,  37.996 ,  2.766 
Mazinger Z,Mazinger Z: infinity,Distribuição Própria,6/20/2018,Japão,Animação,12,11,  12.689 ,  778 
De encontro com a vida,Mein blind date mit dem leben,Alpha Filmes/ Pandora,4/19/2018,Alemanha,Animação,14,45,  341.430 ,  19.813 
"A abelhinha Maya - O filme, A",Maya the bee - The movie,Playarte,5/17/2018,Alemanha,Animação,livre,337,  1.427.030 ,  100.813 
Meu amigo vampiro,The little vampire,Playarte,2/8/2018,Alemanha/ Dinamarca,Animação,livre,200,  1.666.690 ,  119.519 
Amigos alienígenas,Luis and the aliens,Playarte,10/25/2018,Alemanha/ Dinamarca,Animação,Livre,169,  751.290 ,  52.044 
Encantado,Charming,Imagem,12/6/2018,Canadá/ EUA,Animação,Livre,526,  3.214.540 ,  243.174 
Fantástica: Uma aventura no mundo Bonnie Bears,Boonie Bears - Entangled worlds,Lança Filmes,9/13/2018,China,Animação,Livre,88,  512.440 ,  51.073 
Hotel Transilvânia 3 - Férias monstruosas,Hotel Transylvania 3 - Summer vacation,Sony,7/12/2018,EUA,Animação,livre,1206,  74.856.100 ,  5.410.603 
"O Touro Ferdinando, O",Ferdinand the bull,Fox,1/11/2018,EUA,Animação,livre,966,  47.048.300 ,  3.465.627 
Viva - A vida é uma festa,Coco,Disney,1/4/2018,EUA,Animação,Livre,626,  30.370.600 ,  1.987.695 
"O Grinch, O",The Grinch,Universal,11/8/2018,EUA,Animação,Livre,877,  22.206.700 ,  1.516.488 
PéPequeno,Smallfoot,Warner,9/27/2018,EUA,Animação,livre,882,  20.767.600 ,  1.500.582 
"Os Jovens titãs em ação! Nos cinemas, Os",Teen Titans go! to the movies,Warner,8/30/2018,EUA,Animação,Livre,693,  13.785.000 ,  1.020.069 
Gnomeu e Julieta - O mistério do jardim,Sherlock Gnomes,Paramount,5/31/2018,EUA,Animação,livre,577,  7.534.920 ,  509.530 
Duda e os gnomos,Gnome alone,Imagem,3/1/2018,EUA,Animação,livre,396,  2.801.780 ,  186.417 
Cinderela e o príncipe secreto,Cinderella 3D,Imagem,10/11/2018,EUA,Animação,livre,280,  1.198.540 ,  87.088 
Wheely - Velozes e divertidos,Wheely,Playarte,9/6/2018,Malásia,Animação,livre,113,  193.090 ,  13.379 
Paddington 2,Paddington 2,Imagem,2/1/2018,Reino Unido,Animação,livre,632,  3.786.290 ,  273.502 
"O Homem das cavernas, O",Early man,Paris,4/5/2018,Reino Unido,Animação,livre,255,  1.959.220 ,  138.149 
Peixonauta - O filme,Peixonauta - O filme,Riofilme,1/25/2018,Brasil,Animação,livre ,81,  301.860 ,  22.247 
Megatubarão,The Meg,Warner,8/9/2018,EUA,Ação,10,874,  29.302.100 ,  1.893.731 
Alfa,Alpha,Sony,9/6/2018,EUA,Ação,10,470,  7.718.190 ,  510.144 
Vingadores - Guerra infinita,Avengers - Infinity war,Disney,4/26/2018,EUA,Ação,12,2399,  237.834.000 ,  14.587.731 
Aquaman,Aquaman,Warner,12/13/2018,EUA,Ação,12,1732,  93.244.000 ,  5.674.673 
Jumanji: Bem-vindo à selva,Jumanji - Welcome to the jungle,Sony,1/4/2018,EUA,Ação,12,939,  73.947.100 ,  4.798.832 
Homem-Formiga e a Vespa,Ant-Man and the Wasp,Disney,7/5/2018,EUA,Ação,12,1484,  50.010.600 ,  3.281.910 
Bumblebee,Bumblebee,Paramount,12/27/2018,EUA,Ação,12,1011,  11.670.600 ,  722.575 
Super-homem 40 anos,Superman 1978 40th Anniv Reissue,Warner,12/4/2018,EUA,Ação,12,53,  62.711 ,  3.309 
"O Estrangeiro, O",The foreigner,Diamond Films,1/11/2018,China/ Reino Unido,Ação,14,208,  1.201.760 ,  84.230 
Pantera Negra,Black Panther,Disney,2/15/2018,EUA,Ação,14,1459,  120.901.000 ,  7.488.012 
Venom,Venom,Sony,10/4/2018,EUA,Ação,14,1512,  71.996.200 ,  4.624.605 
Missão: Impossivel - Efeito Fallout,Mission Impossible Fallout,Paramount,7/26/2018,EUA,Ação,14,1331,  44.573.100 ,  2.575.019 
Rampage - Destruição total,Rampage,Warner,4/12/2018,EUA,Ação,14,958,  21.098.900 ,  1.348.055 
Oito mulheres e um segredo,Ocean's eight,Warner,6/7/2018,EUA,Ação,14,633,  20.775.800 ,  1.303.564 
Arranha-céu - Coragem sem limite,Skyscrape,Universal,7/12/2018,EUA,Ação,14,829,  14.502.900 ,  955.888 
No olho do furacão,The hurricane heist ,Imagem / California,6/7/2018,EUA,Ação,14,386,  3.066.610 ,  225.705 
Infiltrado na Klan,Blackkklansman,Universal,11/22/2018,EUA,Ação,14,42,  2.596.640 ,  130.788 
22 milhas,Mile 22,Diamond Films,9/20/2018,EUA,Ação,14,267,  1.999.570 ,  130.877 
"A Justiceira, A",Peppermint,Diamond Films,10/18/2018,EUA,Ação,14,149,  1.283.600 ,  89.270 
Covil de ladrões,Den of thieves,Diamond Films,4/5/2018,EUA,Ação,14,143,  1.091.740 ,  58.649 
Era uma vez um Deadpool,Once upon a Deadpool,Fox,12/27/2018,EUA,Ação,14,89,  249.641 ,  15.620 
"Doutrinador, O","Doutrinador, O",DTF/Paris,11/1/2018,Brasil,Ação,16,469,  3.947.200 ,  281.735 
Sequestro relâmpago,Sequestro relâmpago,Pagu Pictures,11/22/2018,Brasil,Ação,16,53,  202.513 ,  14.011 
"O Protetor 2, O",The equalizer 2,Sony,8/16/2018,EUA,Ação,16,693,  13.372.100 ,  852.776 
"O Predador, O",Predator,Fox,9/13/2018,EUA,Ação,16,753,  12.610.000 ,  809.387 
Operação Red Sparrow,Red Sparrow,Fox,3/1/2018,EUA,Ação,16,288,  6.104.400 ,  346.072 
Sicario - Dia do soldado,Sicario - Day of the soldado,Sony,6/28/2018,EUA,Ação,16,125,  922.322 ,  47.079 
"Um Dia para viver, Um",24 hours to live,Playarte,6/7/2018,EUA,Ação,16,144,  289.854 ,  20.248 
Ataque dos titãs,Attack on titans,SATO Company,4/8/2018,EUA,Ação,16,14,  7.789 ,  458 
Hotel Artemis,Hotel Artemis,Diamond Films,9/13/2018,EUA/ Reino Unido,Ação,16,60,  447.706 ,  24.273 
Gringo - Vivo ou morto,Gringo,Diamond Films,5/3/2018,EUA/Austrália,Ação,16,66,  234.095 ,  11.671 
Deadpool 2,Deadpool 2,Fox,5/17/2018,EUA,Ação,18,1499,  67.062.000 ,  4.647.277 
"A Primeira noite de crime, A",The first purge,Universal,9/27/2018,EUA,Ação,18,130,  2.127.140 ,  153.377 
Desejo de matar,Death wish,Imagem,5/10/2018,EUA,Ação,18,332,  2.057.400 ,  133.760 
Kin,Kin,Paris,9/6/2018,EUA,Ação,Livre,29,  70.931 ,  3.639 
Ataque dos titãs - fim do mundo,Attack on titans,SATO Company,5/13/2018,EUA,Ação,não tem ,3,  1.200 ,  70 
,,,,,,,,,
"Fala sério, mãe!","Fala sério, mãe!",DTF/Paris,12/28/2017,Brasil,Comédia,14,682,  31.781.100 ,  2.418.001 
Roda gigante,Wonder wheel,Imagem,12/28/2017,EUA,Drama,12,121,  2.165.420 ,  118.243 
"Jovem Karl Marx, O",Le jeune Karl Marx,California,12/28/2017,França/Alemanha/Bélgica,Drama,14,8,  453.267 ,  30.878 
"Origem do dragão, A",Birth of the dragon,Imagem,12/28/2017,EUA,Ação,12,119,  229.252 ,  17.079 
"Ópera de Paris, A",L'Opéra,Imovision,12/28/2017,França,Documentário,livre,6,  39.310 ,  2.449 
Bye bye Jaqueline,Bye bye Jaqueline,Lança Filmes,12/28/2017,Brasil,Drama,12,7,  7.744 ,  660 
"Rei do show, O",The greatest showman,Fox,12/25/2017,EUA,Drama,12,462,  5.292.810 ,  319.676 
"Aventuras de Tadeo 2 - O segredo do Rei Midas, As",Tadeo Jones 2 - El secreto del Rey Midas,Paramount,12/21/2017,Espanha,Animação,livre,518,  1.163.600 ,  95.645 
Corpo e alma,A teströl és lélekröl,Imovision,12/21/2017,Hungria,Drama,18,15,  185.368 ,  11.933 
Assim é a vida,C'est la vie,Paris,12/21/2017,França,Comédia,12,30,  126.238 ,  8.363 
Suburbicon - Bem-vindos ao paraíso,Suburbicon,Diamond Films,12/21/2017,EUA,Drama,16,77,  106.386 ,  7.320 
Jovem mulher,Jeune femme,Zeta Filmes,12/21/2017,França,Comédia,14,3,  29.148 ,  2.230 
Todas as meninas reunidas vamos lá,Todas as meninas reunidas vamos lá,DTF/Paris,12/21/2017,Brasil,Documentário,,13,  369 ,  54 
Star Wars - Os últimos jedi,Star Wars - The last jedi,Disney,12/14/2017,EUA,Ficção-científica,12,1642,  10.196.900 ,  565.343 
Cora Coralina - Todas as vidas,Cora Coralina - Todas as vidas,Fênix Filmes,12/14/2017,Brasil,Documentário,livre,8,  58.981 ,  4.126 
Mulheres divinas,Die göttliche ordnung,Mares Filmes,12/14/2017,Suíça,Drama,,15,  35.525 ,  3.023 
Lumière - A aventura começa,Lumière - L aventure commence,Imovision,12/14/2017,França,Documentário,livre,9,  21.644 ,  1.705 
Professor Marston e as Mulheres-Maravilhas,Professor Marston & the Wonder-Women,Sony,12/14/2017,EUA,Drama,16,12,  4.996 ,  305 
Coragem! - As muitas vidas de Dom Paulo Evaristo Arns,Coragem! - As muitas vidas de Dom Paulo Evaristo Arns,Espaço Itaú de Cinema,12/14/2017,Brasil,Documentário,10,9,  4.073 ,  331 
Tudo é projeto,Tudo é projeto,Olé Produções,12/14/2017,Brasil,Documentário,livre,3,  1.831 ,  114 
Jesus - A esperança,Jesus - A esperança,Moro Filmes,12/14/2017,Brasil,Drama,12,4,  684 ,  88 
"Poder e o impossível, O",6 below - Miracle on the mountain,Imagem,12/14/2017,EUA,Drama,14,77,  410 ,  70 
Silêncio no estúdio,Silêncio no estúdio,Modo Operante Produções,12/14/2017,Brasil,Documentário,,1,  233 ,  22 
Extraordinário,Wonder,Paris,12/7/2017,EUA,Drama,10,877,  41.407.100 ,  2.880.667 
Verão 1993,Estiu 1993,Supo Mungam Films,12/7/2017,Espanha,Drama,12,14,  43.701 ,  3.499 
Lucky,Lucky,Imovision,12/7/2017,EUA,Drama,14,9,  30.777 ,  2.317 
"Bela da tarde, A",Belle de jour,Zeta Filmes,12/7/2017,França,Drama,14,5,  15.468 ,  1.461 
Em busca de Fellini,In Search of Fellini,Cineart Filmes,12/7/2017,EUA,Drama,14,26,  8.245 ,  710 
"Parças, Os","Parças, Os",DTF/Paris,11/30/2017,Brasil,Comédia,10,334,  4.070.410 ,  301.440 
Assassinato no Expresso do Oriente,Murder on the Orient Express,Fox,11/30/2017,EUA,Suspense,,362,  2.134.010 ,  114.099 
"Com amor, Van Gogh",Loving Vicent,Europa,11/30/2017,Reino Unido,Biografia,12,36,  692.115 ,  45.257 
"Estrela de Belém, A",The star,Sony,11/30/2017,EUA,Animação,livre,439,  149.453 ,  11.978 
Jogos mortais - Jigsaw,Jigsaw,Paris,11/30/2017,EUA,Terror,18,515,  54.659 ,  5.112 
Cromossomo 21,Cromossomo 21,Espaço Filmes,11/30/2017,Brasil,Drama,10,12,  7.850 ,  746 
Thelma,Thelma,Mares Filmes,11/30/2017,Noruega,Drama,,19,  5.087 ,  407 
Meu corpo é político,Meu corpo é político,Olhar Distribuição,11/30/2017,Brasil,Documentário,12,5,  323 ,  28 
Por que vivemos,Naze ikiru - Rennyo shonin to yoshizaki enjo,Espaço Filmes,11/23/2017,Japão,Drama,,14,  22.586 ,  1.552 
"Filosofia na alcova, A","Filosofia na alcova, A",Satyros Cinema,11/23/2017,Brasil,Drama,,1,  18.682 ,  1.395 
Ninguém está olhando,Nadie nos mira,Vitrine,11/23/2017,Argentina/ Brasil,Drama,14,6,  2.624 ,  447 
Boneco de neve,The snowman,Universal,11/23/2017,Reino Unido,Suspense,16,39,  2.498 ,  204 
Lola Pater,Lola Pater,Imovision,11/23/2017,França/ Belgica,Comédia,14,16,  2.195 ,  226 
Pai em dose dupla 2,Daddy's home 2,Paramount,11/23/2017,EUA,Comédia,,470,  2.154 ,  158 
Barreiras,Barrage,Pandora,11/23/2017,Luxemburgo / Bélgica,Drama,,7,  615 ,  80 
"Golfinhos vão para o leste, Os","Golfinhos vão para o leste, Os",Lança Filmes / Okna Produções,11/23/2017,Uruguai,Comédia,18,2,  242 ,  26 
Quando o galo cantar pela terceira vez renegarás tua mãe,Quando o galo cantar pela terceira vez renegarás tua mãe,Elo Company,11/23/2017,Brasil,Suspense,16,3,  129 ,  10 
Liga da Justiça,Justice league,Warner,11/16/2017,EUA,Ação,12,1582,  3.465.680 ,  230.370 
Victoria e Abdul - O confidente da rainha,Victoria and Abdul,Universal,11/16/2017,EUA/ Reino Unido,Drama,10,62,  23.355 ,  1.725 
On yoga - Arquitetura da paz,On yoga: The architecture of peace,Pagu Pictures / Bretz Filmes,11/16/2017,Brasil / India / China,Documentário,,13,  9.463 ,  589 
Histórias de amor que não pertencem a este mundo,Amori che non sanno stare al mondo,Mares Filmes,11/16/2017,Itália,Drama,,25,  5.694 ,  497 
Human flow - Não existe lar se não há para onde ir,Human flow,Paris,11/16/2017,Alemanha/ EUA,Documentário,12,21,  2.971 ,  345 
"Trama, A",L'atelier,Esfera,11/16/2017,França,Drama,,15,  1.561 ,  135 
Maria - Não esqueça que venho dos trópicos,Maria - Não esqueça que venho dos trópicos,Pandora,11/16/2017,Brasil,Documentário,,3,  354 ,  101 
Colo,Colo,Zeta Filmes,11/16/2017,Portugal,Drama,14,2,  285 ,  24 
No intenso agora,No intenso agora,Videofilmes,11/9/2017,Brasil,Documentário,,11,  27.113 ,  1.833 
Vazante,Vazante,Europa,11/9/2017,Brasil,Drama,14,24,  9.584 ,  690 
"Outro lado da esperança, O",Toivon tuolla puolen,Imovision,11/9/2017,Finlândia,Comédia,,17,  4.003 ,  458 
Gosto se discute,Gosto se discute,Imagem,11/9/2017,Brasil,Comédia,12,345,  1.344 ,  331 
"Perfil para dois, Um",Un profil pour deux,Paris,11/9/2017,França/ Belgica,Comédia,12,31,  1.111 ,  83 
"Verdade mais inconveniente, Uma",An inconvenient sequel: Truth to power,Paramount,11/9/2017,EUA,Documentário,,12,  850 ,  63 
Gabriel e a montanha,Gabriel e a montanha,Bretz Filmes,11/2/2017,Brasil,Drama,14,79,  14.701 ,  1.004 
"Big pai, big filho",The son of bigfoot,Imagem,11/2/2017,Bélgica,Animação,,424,  8.545 ,  1.014 
Depois daquela montanha,The mountain between us,Fox,11/2/2017,EUA,Drama,,247,  1.780 ,  178 
Terra selvagem,Wind river,California,11/2/2017,Reino Unido/ EUA,Ação,16,57,  934 ,  70 
Thor: Ragnarok,Thor: Ragnarok,Disney,10/26/2017,EUA,Ação,,1565,  15.508 ,  1.141 
Missão cegonha,Richard the stork,Playarte,10/26/2017,Alemanha/ Bélgica/ EUA,Animação,Livre,196,  7.233 ,  941 
Manifesto,Manifesto,Mares Filmes,10/26/2017,Austrália,Drama,,26,  2.388 ,  270 
Tempestade - Planeta em fúria,Geostorm,Warner,10/19/2017,EUA,Ação,12,602,  2.865 ,  409 
Aventuras do Capitão Cueca - O filme,Captain underpants: The First Epic Movie,Fox,10/12/2017,EUA,Animação,Livre,582,  10.941 ,  1.264 
"Menina índigo, A","Menina índigo, A",Film Connection,10/12/2017,Brasil,Drama,livre,42,  280 ,  18 
Pica-Pau,Woody Woodpecker,Universal,10/5/2017,EUA,Animação,,728,  9.727 ,  786 
Blade runner 2049,Blade runner 2049,Sony,10/5/2017,EUA,Ficção-científica,14,723,  1.743 ,  224 
Em defesa de Cristo,The Case for Christ,California,9/14/2017,EUA,Drama,,72,  1.942 ,  249 
Deserto (BR),Deserto,Fênix Filmes,9/14/2017,Brasil,Drama,,6,  307 ,  18 
"Mulher fantástica, Uma",Una mujer fantástica,Imovision,9/7/2017,Chile,Drama,,16,  150.157 ,  9.934 
Até nunca mais,À jamais,Mares Filmes,9/7/2017,França/ Portugal,Drama,,6,  1.777 ,  175 
Emoji - O filme,The Emoji Movie,Sony,8/31/2017,EUA,Animação,,854,  2.711 ,  314 
"Família feliz, Uma",Happy Family,Paris,8/17/2017,Alemanha,Animação,,356,  3.210 ,  472 
"Viagem de Fanny, A ",Le voyage de Fanny ,Mares Filmes,8/10/2017,França/ Belgica,Drama,,16,  1.654 ,  127 
"Reino Gelado: Fogo e gelo, O",Snezhnaya koroleva 3. Ogon i led,California,8/10/2017,Russia,Animação,,256,  1.524 ,  283 
Dunkirk,Dunkirk,Warner,7/27/2017,EUA,Ação,,476,  92.134 ,  5.406 
Transformers: O último cavaleiro,Transformers: The last knight,Paramount,7/20/2017,EUA,Ação,,1145,  2.569 ,  330 
Detetives do prédio azul,Detetives do prédio azul,DTF/Paris,7/20/2017,Brasil,Infantil,,515,  2.164 ,  180 
De canção em canção,Song to song,Supo Mungam Films,7/20/2017,EUA,Drama,,30,  1.466 ,  190 
Carros 3,Cars 3,Disney,7/13/2017,Espanha/ França/ Suíça,Animação,,1156,  14.212 ,  1.660 
Meu malvado favorito 3,Despicable me 3,Universal,6/29/2017,EUA,Animação,,1319,  66.589 ,  7.115 
Mulher-Maravilha, Wonder Woman,Warner,6/1/2017,EUA,Aventura,,1287,  11.337 ,  1.483 
"Aventuras de Ozzy, As",Ozzy,Playarte,6/1/2017,Espanha,Animação,,259,  2.317 ,  232 
Corra!,Get Out,Universal,5/18/2017,EUA,Terror,14,444,  25.518 ,  2.634 
"Filha, A",The Daughter,Supo Mungam Films,5/4/2017,Austrália,Drama,,17,  3.193 ,  218 
Além da ilusão,Planetarium ,Mares Filmes,4/27/2017,França/ Belgica,Drama,,30,  1.600 ,  123 
"Poderoso chefinho, O",The boss baby,Fox,3/30/2017,EUA,Comédia,,898,  2.036 ,  227 
Fátima,Fátima,Imovision,3/16/2017,França,Drama,,8,  3.855 ,  391 
"Bela e a Fera, A",Beauty and the Beast,Disney,3/16/2017,EUA,Romance,,1399,  1.580 ,  168 
Hiroshima meu amor,Hiroshima mon amour,Zeta Filmes,3/9/2017,Japão/França,Drama,,11,  449 ,  60 
Acossado,À bout de souffle,Zeta Filmes,2/8/2017,França,Drama,14,0,  28.555 ,  1.895 
Moana - Um mar de aventuras,Moana,Disney,1/5/2017,EUA,Animação,,1211,  14.772 ,  1.939 
Sing - Quem canta seus males espanta,Sing,Universal,12/22/2016,EUA,Animação,Livre,999,  23.401 ,  2.384 
Minha mãe é uma peça 2,Minha mãe é uma peça 2,DTF/Paris,12/22/2016,Brasil,Comédia,12,1231,  2.817 ,  241 
Animais fantásticos e onde habitam,Fantastic Beasts and Where to Find Them,Warner,11/17/2016,Reino Unido,Aventura,,1425,  13.903 ,  1.096 
"Meu amigo, o dragão",Pete's Dragon,Disney,9/29/2016,EUA,Aventura,,446,  4.359 ,  166 
Pets - A vida secreta dos bichos,The secret life of pets,Universal,8/25/2016,EUA,Animação,Livre,1210,  26.867 ,  2.480 
Procurando Dory,Finding Dory,Disney,6/30/2016,EUA,Animação,livre,1275,  3.466 ,  233 
Invocação do mal 2,The Conjuring 2: The Enfield Poltergeist,Warner,6/9/2016,EUA,Horror,,999,  6.825 ,  500 
Deus não está morto 2,God's not dead 2,California,4/7/2016,EUA,Drama,,301,  14.299 ,  1.353 
Zootopia - Essa cidade é o bicho,Zootopia,Disney,3/17/2016,EUA,Animação,,963,  2.319 ,  100 
8 ½,8 ½,Zeta Filmes/FJ Cines,1/7/2016,França/ Itália,Drama,,4,  1.504 ,  115 
Macbeth: Ambição & guerra,Macbeth,Diamond Films,12/24/2015,Reino Unido/França/EUA,Drama,,33,  1.455 ,  79 
Morangos silvestres,Smultronstället,Zeta Filmes/FJ Cines,11/26/2015,Suécia,Drama,,7,  8.805 ,  614 
45 anos,45 years,Imovision,10/29/2015,Reino Unido,Drama,,10,  3.440 ,  235 
Goosebumps - Monstros e arrepios,Goosebumps,Sony,10/22/2015,EUA,Aventura,,481,  1.768 ,  369 
"Bebê de Rosemary, O",Rosemary's Baby,Park Circus,9/7/2015,,Terror,,0,  12.394 ,  1.232 
"Doce vida, A",La dolce vita,Zeta Filmes/FJ Cines,8/20/2015,Itália,Drama,,12,  803 ,  65 
"Sétimo selo, O",Det Sjunde Inseglet,Zeta Filmes,7/23/2015,Suécia,Drama,,9,  10.424 ,  719 
Minions,Minions,Universal,6/25/2015,EUA,Animação,Livre,1137,  32.498 ,  3.493 
Divertida mente,The Inside Out,Disney,6/18/2015,EUA,Animação,Livre,877,  4.530 ,  253 
Jurassic World - O mundo dos dinossauros,Jurassic World,Universal,6/11/2015,EUA,Ação,12,1056,  62.812 ,  2.514 
Terremoto - A falha de San Andreas,San Andreas,Warner,5/28/2015,EUA,Aventura,,912,  11.622 ,  783 
"Sombra de duas mulheres, À",L'ombre des femmes,Fênix Filmes,5/10/2015,França/ Suiça,Drama,12,0,  42.750 ,  2.972 
Vingadores - Era de Ultron,Avengers: Age of Ultron,Disney,4/23/2015,EUA,Ação,,1359,  18.382 ,  1.706 
Casablanca,Casablanca,Park Circus,1/22/2015,EUA,Drama,,0,  80 ,  10 
Operação Big Hero,Big Hero 6,Disney,12/25/2014,EUA,Animação,,280,  3.061 ,  85 
Nós somos as melhores,We are the best,Zeta Filmes,11/20/2014,Suécia,Drama,,0,  284 ,  34 
Relatos selvagens,Relatos salvajes,Warner,10/23/2014,Argentina/ Espanha,Suspense,,0,  1.757 ,  210 
"Montanha Matterhorn, A","Montanha Matterhorn, A",Filmes da Mostra,7/3/2014,Holanda,Romance,,0,  1.574 ,  153 
Frozen - Uma aventura congelante,Frozen,Disney,12/27/2013,EUA,Animação,livre,0,  13.778 ,  1.582 
"Renascimento do parto, O","Renascimento do parto, O",Espaço Filmes,8/9/2013,Brasil,Documentário,10,0,  26.111 ,  1.366 
Meu malvado favorito 2,Despicable Me 2,Universal,7/5/2013,EUA,Animação,Livre,0,  15.750 ,  1.412 
Elena ,Elena ,Espaço Filmes,5/10/2013,Brasil,Documentário,12,0,  3.300 ,  220 
"Vingadores, Os",The Avengers,Disney,4/27/2012,EUA,Aventura,12,0,  10.113 ,  984 
Titanic 3D,Titanic 3D,Fox,4/13/2012,EUA,Drama,,0,  7.580 ,  611 
Straw Dogs ,Straw Dogs ,Sony,11/5/2010,EUA,Suspense,,0,  3.546 ,  273 
"Comer, rezar, amar","Eat, Pray, Love",Sony,10/1/2010,EUA,Drama,12,0,  5.220 ,  38 
Meu malvado favorito - 3D,Despicable Me - 3D,Universal,8/6/2010,EUA,Animação,Livre,0,  12.284 ,  1.233 
Sem reservas ,No Reservations ,Warner,8/10/2007,EUA,Drama,Livre,0,  4.440 ,  34 
"Profecia, A",The Omen,Fox,6/6/2006,EUA,Terror,16,0,  8.142 ,  736 
Gatão de meia-idade,Gatão de meia-idade ,Downtown,3/17/2006,Brasil,Comédia,16,0,  2.030 ,  106 
Refém,Hostage,Pandora/ Alpha,4/29/2005,EUA,Ação,14,0,  2.670 ,  215 
"Chamado 2, O",The Ring 2,UIP,3/25/2005,EUA,Terror,14,0,  3.413 ,  303 
"Doces Bárbaros, Os","Doces Bárbaros, Os",Mais Filmes,10/8/2004,Brasil,Documentário,14,0,  1.818 ,  155 
Sob o sol da Toscana ,Under the Tuscan Sun,Buena Vista,2/6/2004,Inglaterra/ Itália,Comédia - Romântica,12,0,  13.260 ,  105 
"Senhor dos anéis - O retorno do rei, O ",The Lord of the Rings - The Return of the King,Warner,12/25/2003,EUA,,,0,  2.772 ,  328 
Fanny e Alexander ,Fanny and Alexander,Filmes do Estação,11/21/2003,Suécia,,,0,  1.098 ,  99 
"Chamado, O  ",The ring,UIP,1/31/2003,EUA,Suspense,,0,  3.655 ,  357 
"Senhor dos anéis - As duas torres, O",The Lord Of The Rings - The Two Towers,Warner,12/27/2002,EUA,,,0,  3.960 ,  408 
"Senhor dos anéis - A sociedade do anel, O",The Lord Of The Rings - The Fellowship Of The Ring,Warner,1/1/2002,EUA/ Nova Zelândia/ Reino Unido,,,0,  5.058 ,  521 
Jurassic Park - Parque dos dinossauros (1993), Jurassic Park (1993),Universal,6/13/1993,EUA,Ficção-científica,,0,  92.117 ,  6.417 
,,,,,,,,,
Copa do Mundo 2018,Copa do Mundo 2018,Distribuição Própria,6/14/2018,Brasil,Jogos,,1,  872.571 ,  29.633 
Final UEFA 2018,Final UEFA 2018,Distribuição Própria,5/26/2018,Brasil,Evento Esportivo,,208,  777.984 ,  21.861 
Festival do Rio 2018,Festival do Rio 2018,Festivais,11/1/2018,Brasil,Diversos,,2,  595.974 ,  61.590 
Festivais e Mostras 2018,Festivais e Mostras 2018,Festivais,1/1/2018,Brasil,Diversos,,0,  447.419 ,  42.530 
42ª Mostra Internacional de Cinema SP 2018,42ª Mostra Internacional de Cinema SP 2018,Distribuição Própria,10/18/2018,Brasil,Diversos,,13,  428.798 ,  42.078 
Super Bowl 2018,Super Bowl 2018,Distribuição Própria,2/4/2018,EUA,Esporte,Livre,119,  406.542 ,  10.951 
Show / Esporte,Show / Esporte,Show/Esporte,1/1/2012,,,,0,  308.452 ,  16.435 
Clássicos do cinema 2018,Clássicos do cinema 2018,Distribuição Própria,1/1/2018,Brasil,Diversos,,0,  259.130 ,  18.246 
Balé 2018,Balé 2018,Distribuição Própria,1/1/2018,Brasil,Balé,,0,  158.020 ,  9.030 
Festival Italiano 2018,Festival Italiano 2018,Distribuição Própria,7/5/2018,Itália,Diversos,,0,  135.804 ,  12.110 
Indie Festival 17,Indie Festival 17,Distribuição Própria,9/14/2017,EUA,Diversos,,1,  101.308 ,  5.854 
8 1/2 Festa do Cinema Italiano,8 1/2 Festa do Cinema Italiano,Distribuição Própria,8/31/2017,Itália,Diversos,,5,  80.680 ,  5.137 
Copa do Brasil 2018,Copa do Brasil 2018,Distribuição Própria,9/6/2018,Brasil,Evento Esportivo,,0,  74.360 ,  3.498 
Festivais e Mostras 2017,Festivais e Mostras 2017,Festivais,1/1/2017,Brasil,Diversos,,0,  73.044 ,  7.026 
Anime night 2018,Anime night 2018,Cinemark,4/1/2018,Brasil,Diversos,,0,  70.490 ,  3.678 
League of Legends 2018,League of Legends 2018,Distribuição Própria,4/1/2018,Brasil,Jogos,,0,  51.700 ,  2.017 
FICI 2018 - Fest. Int. Cin. Inf.,FICI 2018 - Fest. Int. Cin. Inf.,FICI - Fest. Int. Cin. Inf.,9/21/2018,Brasil,Infantil,,0,  48.949 ,  3.966 
Muse - Drones world tour,Muse - Drones world tour,UCI,7/12/2018,Reino Unido,Musical,,54,  47.894 ,  1.960 
Festival Cinegastroarte - 2018,Festival Cinegastroarte - 2018,Distribuição Própria,10/5/2018,EUA,Diversos,,1,  34.260 ,  320 
41ª Mostra Internacional de Cinema SP 2017,41ª Mostra Internacional de Cinema SP 2017,Festival Filmes,10/20/2017,Brasil,Diversos,,8,  26.284 ,  2.703 
Curta-metragem 2018,Curta-metragem 2018,Distribuição Própria,1/1/2018,Brasil,Curta-metragem,,0,  21.114 ,  2.974 
Ópera na tela 2018,Ópera na tela 2018,Distribuição Própria,1/1/2018,Brasil,Ópera,,0,  17.005 ,  1.192 
Mostra Cinema Negro 2018,Mostra Cinema Negro 2018,Distribuição Própria,7/1/2018,Brasil,Diversos,,0,  14.940 ,  5.003 
Festivais e Mostras,Festivais e Mostras,Festivais,11/20/2009,Afeganistão,Thriller,,0,  6.592 ,  762 
"FIM - Festival int, mulheres no cinema","FIM - Festival int, mulheres no cinema",Distribuição Própria,7/4/2018,Brasil,Diversos,,0,  5.192 ,  438 
Festival do Rio,Festival do Rio,Festivais,9/1/2010,Brasil,,,0,  4.684 ,  205 
Festival é tudo verdade 2018,Festival é tudo verdade 2018,Distribuição Própria,4/1/2018,Brasil,Diversos,,0,  4.319 ,  3.471 
Rio Festival de Gênero & Sexualidade no Cinema 2018,Rio Festival de Gênero & Sexualidade no Cinema 2018,Distribuição Própria,7/5/2018,Brasil,Diversos,,1,  2.681 ,  315 
Esporte,Esporte,Mobz,1/1/2010,,,,0,  2.234 ,  76 
Festival do Rio 2017,Festival do Rio 2017,Festivais,10/5/2017,Brasil,,,1,  2.046 ,  188 
Fronteira - Festival de documentários 2018,Fronteira - Festival de documentários 2018,Lumière,4/12/2018,Brasil,Diversos,,1,  1.488 ,  698 
Rock horror in Rio,Rock horror in Rio,Distribuição Própria,4/5/2018,Brasil,Diversos,,1,  1.258 ,  165 
1ª mostra in vino veritas,1ª mostra in vino veritas,Distribuição Própria,1/25/2018,Brasil,Curta-metragem,,0,  419 ,  35 
FICI 2016 - Fest. Int. Cin. Inf.,FICI 2016 - Fest. Int. Cin. Inf.,FICI - Fest. Int. Cin. Inf.,9/15/2016,Brasil,Infantil,,0,  336 ,  28 
Festival Kids Cinemaark 2018,Festival Kids Cinemaark 2018,Distribuição Própria,1/1/2018,Brasil,Diversos,,0,  276 ,  29 
Balé 2017,Balé 2017,Distribuição Própria,1/1/2017,Brasil,Balé,,0,  120 ,  2 
Mostra Acorde! O cinema de Spike Lee,Mostra Acorde! O cinema de Spike Lee,Distribuição Própria,11/5/2018,EUA,Diversos,,0,  105 ,  15 
BTS - Burn The Stage: The Movie,BTS - Burn The Stage: The Movie,Cinemark,11/15/2018,Coréia do Sul,Documentário,10,8,  1.400.290 ,  57.613 
Z - O Clássico (FESTIVAL VARILUX 2018),Z,Distribuição Própria,10/31/2018,França,Drama,,0,  28.675 ,  2.104 
Cartoon apresenta: turma da monica,Cartoon apresenta: turma da monica,Distribuição Própria,11/8/2018,Brasil,Animação,livre,0,  802 ,  38 