,TituloNacional,Titulo,Distribuidor,Estreia,Origem,Genero,ClassificacaoEtaria,Salas_na_Estreia,RENDA,PUBLICO
1,Vingadores - Ultimato,Avengers - End game,Disney,4/25/2019,EUA,Ação,12,3.129,"338.642.602,77",19.731.527
2,O rei leão,The lion king,Disney,7/18/2019,EUA,Aventura,10,2.372,"265.804.481,67",16.289.943
3,Coringa,Joker,Warner,10/3/2019,EUA,Drama,16,1.767,"158.124.324,18",9.871.188
4,Capitã Marvel,Captain Marvel,Disney,3/7/2019,EUA,Ação,12,2.305,"146.759.270,76",9.041.171
5,Toy Story 4,Toy Story 4,Disney,6/20/2019,EUA,Animação,Livre,1.753,"124.535.553,32",7.989.183
6,Homem-Aranha - Longe de casa,Spider-Man - Far from home,Sony,7/4/2019,EUA,Aventura,10,1.926,"106.336.070,93",6.563.816
7,Malévola - Dona do mal,Maleficent: Mistress of Evil,Disney,10/17/2019,EUA,Aventura,10,1.499,"91.410.535,27",5.802.007
8,Aladdin,Aladdin,Disney,5/23/2019,EUA,Aventura,10,1.277,"80.137.793,69",4.818.759
9,Minha vida em Marte,Minha vida em Marte,DTF/Paris,12/27/2018,Brasil,Comédia,12,933,"67.610.267,12",4.415.934
10,WiFi Ralph - Quebrando a internet,Ralph breaks the internet - Wreck it Ralph 2,Disney,1/3/2019,EUA,Animação,Livre,1.175,"64.840.686,92",4.417.864
11,Nada a perder - Parte 2,Nada a perder - Parte 2,DTF/Paris,8/15/2019,Brasil,Biografia,12,1.031,"58.928.583,69",6.078.971
12,Como treinar o seu dragão 3,How to train your dragon 3,Universal,1/17/2019,EUA,Animação,Livre,1.087,"58.484.319,64",3.958.170
13,Shazam!,Shazam!,Warner,4/4/2019,EUA,Ação,12,1.557,"47.816.996,96",2.934.426
14,It - Capítulo 2,It 2,Warner,9/5/2019,EUA,Terror,16,2.112,"47.433.450,52",3.148.141
15,Aquaman,Aquaman,Warner,12/13/2018,EUA,Ação,12,1.840,"46.781.096,62",2.931.126
16,Velozes e furiosos - Hobbs & Shaw,Fast & furious presents Hobbs & Shaw,Universal,8/1/2019,EUA,Ação,14,1.588,"44.248.054,10",2.755.038
17,Star Wars - A ascensão Skywalker,Star Wars - The rise of Skywalker,Disney,12/19/2019,EUA,Ficção-científica,10,2.443,"41.226.459,18",2.130.416
18,Minha mãe é uma peça 3,Minha mãe é uma peça 3,DTF/Paris,12/26/2019,Brasil,Comédia,12,1.957,"38.404.102,18",2.437.838
19,Homem-Aranha no Aranhaverso,Spider-Man into the Spider-Verse,Sony,1/10/2019,EUA,Animação,10,1.026,"31.219.319,42",2.068.319
20,Turma da Mônica - Laços,Turma da Mônica - Laços,DTF/Paris,6/27/2019,Brasil,Aventura,livre,743,"30.291.281,39",2.118.953
21,Dumbo,Dumbo,Disney,3/28/2019,EUA,Aventura,10,1.503,"29.683.126,23",1.861.731
22,De pernas pro ar 3,De pernas pro ar 3,DTF/Paris,4/11/2019,Brasil,Comédia,14,1.019,"28.341.869,78",1.829.317
23,Pets - A vida secreta dos bichos 2,The secret life of pets 2,Universal,6/27/2019,EUA,Animação,Livre,1.181,"27.694.672,55",1.932.583
24,X-Men - Fênix Negra,Dark Phoenix,Fox,6/6/2019,EUA,Ação,12,1.289,"27.218.343,95",1.679.084
25,Annabelle 3 - De volta para casa,Annabelle 3,Warner,6/27/2019,EUA,Terror,14,1.142,"26.329.560,71",1.784.416
26,Superação - O milagre da fé,Breakthrough,Fox,4/11/2019,EUA,Biografia,10,809,"24.899.488,72",1.731.269
27,A família Addams,Addams family,Universal,10/31/2019,EUA,Animação,Livre,905,"24.335.284,62",1.623.017
28,Vidro,Glass,Disney,1/17/2019,EUA,Suspense,14,606,"22.392.142,89",1.376.097
29,Era uma vez em Hollywood,Once upon a time in Hollywood,Sony,8/15/2019,EUA,Comédia - Dramática,16,580,"20.967.827,08",1.059.344
30,A cinco passos de você,Five feet apart,Paris,3/21/2019,EUA,Drama,12,610,"19.324.196,22",1.342.142
31,Os parças 2,Os parças 2,DTF/Paris,11/28/2019,Brasil,Comédia,12,552,"18.388.295,84",1.293.996
32,Dragon Ball Super Broly - O filme,Dragon Ball Super Broly,Fox,1/3/2019,Japão,Animação,10,717,"18.138.268,94",1.301.048
33,Pokémon - Detetive Pikachu,Detective Pikachu,Warner,5/9/2019,EUA/ Japão,Aventura,12,1.001,"17.714.234,32",1.138.199
34,Alita - Anjo de combate,Alita - Battle angel,Fox,2/14/2019,EUA/ Argentina/ Canadá,Ficção-científica,14,1.033,"16.936.699,51",1.037.904
35,MIB: Homens de preto - Internacional,Men in black international,Sony,6/13/2019,EUA,Aventura,12,1.111,"16.273.703,00",987.723
36,O exterminador do futuro - Destino sombrio,Terminator - Dark fate,Disney,10/31/2019,EUA,Ação,14,1.039,"16.167.260,42",1.024.886
37,John Wick 3 - Parabellum,John Wick: Chapter 3 - Parabellum,Paris,5/16/2019,EUA,Ação,16,534,"15.695.219,92",1.003.182
38,Abominável,Abominable,Universal,9/26/2019,EUA,Animação,Livre,930,"15.115.501,16",1.032.007
39,Rocketman,Rocketman,Paramount,5/30/2019,Reino Unido,Biografia,16,474,"15.037.357,39",734.653
40,Projeto Gemini,Gemini Man,Paramount,10/10/2019,EUA,Ficção-científica,14,679,"13.582.431,63",833.804
41,Bumblebee,Bumblebee,Paramount,12/27/2018,EUA,Ação,12,1.045,"12.958.571,77",904.641
42,Green book - O guia,Green book,Diamond Films,1/24/2019,EUA,Drama,12,281,"12.625.678,98",614.751
43,Vai que cola 2 - O começo,Vai que cola 2 - O começo,H2O Films,9/12/2019,Brasil,Comédia,12,776,"12.481.619,07",854.312
44,Angry Birds 2 - O filme,Angry Birds 2,Sony,10/3/2019,EUA,Animação,Livre,771,"12.349.111,66",890.049
45,Yesterday,Yesterday,Universal,8/29/2019,Reino Unido,Comédia,12,502,"12.091.110,35",628.768
46,O parque dos sonhos,Wonder park,Paramount,3/14/2019,EUA,Animação,Livre,561,"12.082.605,30",801.234
47,Rambo - Até o fim,Rambo V - Last blood,Imagem / California,9/19/2019,EUA,Ação,12,771,"12.017.421,30",785.170
48,Kardec,Kardec,Sony,5/16/2019,Brasil,Biografia,12,489,"11.798.544,47",752.469
49,Bacurau,Bacurau,Vitrine Filmes,8/29/2019,Brasil,Drama,16,321,"10.818.234,30",675.395
50,Creed II,Creed II,Warner,1/24/2019,Afeganistão,Drama,12,624,"10.569.944,10",682.333
51,A caminho de casa,A dog's way home,Sony,2/28/2019,EUA,Drama,Livre,455,"9.536.136,82",663.655
52,Mais que vencedores,Overcomer,360 WayUp/CanZión Films,11/21/2019,EUA,Drama,10,497,"9.400.120,95",722.403
53,Dora e a cidade perdida,Dora and the lost city of gold,Paramount,11/14/2019,EUA,Aventura,10,653,"8.876.874,82",594.898
54,A morte te dá parabéns 2,Happy death day 2u,Universal,2/21/2019,EUA,Terror,14,712,"8.499.488,39",598.884
55,Godzilla II - Rei dos monstros,Godzilla - King of the monsters,Warner,5/30/2019,EUA,Ação,12,1.092,"8.472.826,11",538.491
56,Cemitério maldito,Pet sematary,Paramount,5/9/2019,EUA,Horror,16,557,"8.375.777,28",553.704
57,Nós,Us,Universal,3/21/2019,EUA,Terror,16,381,"8.371.442,15",516.151
58,Entre facas e segredos,Knives out,Paris,12/12/2019,EUA,Comédia,14,460,"8.329.313,57",469.967
59,Escape room,Escape room,Sony,2/7/2019,EUA,Thriller,14,572,"7.958.721,56",532.678
60,Uma segunda chance para amar,Last christmas,Universal,11/28/2019,Reino Unido,Comédia,12,541,"7.721.279,26",514.268
61,Invasão ao serviço secreto,Angel has fallen,Imagem / California,11/14/2019,EUA,Ação,14,484,"7.583.580,83",483.303
62,Sai de baixo - O filme,Sai de baixo - O filme,Imagem,2/21/2019,Brasil,Comédia,12,719,"7.127.547,10",470.249
63,Patrulha canina - Super filhotes,Paw patrol - Mighty pups,Paris,6/6/2019,EUA,Animação,Livre,510,"7.096.548,85",482.150
64,As panteras,Charlie's angels,Sony,11/14/2019,EUA,Ação,14,691,"6.990.095,63",470.205
65,Ad astra - Rumo às estrelas,Ad astra,Disney,9/26/2019,EUA,Aventura,14,632,"6.839.418,58",363.026
66,Divaldo - O mensageiro da paz,Divaldo - O mensageiro da paz,Disney,9/12/2019,Brasil,Drama,12,375,"6.807.616,79",435.297
67,Cinderela pop,Cinderela pop,Galeria Distribuidora,2/28/2019,Brasil,Fantasia,Livre,536,"6.735.999,05",467.526
68,Uma aventura Lego 2,The Lego movie 2,Warner,2/7/2019,EUA,Animação,Livre,900,"6.344.359,57",406.035
69,Ford vs Ferrari,Ford v. Ferrari,Disney,11/14/2019,EUA,Biografia,12,388,"5.866.478,30",289.282
70,Detetives do Prédio Azul 2 - O mistério italiano,Detetives do Prédio Azul 2 - O mistério italiano,DTF/Paris,12/20/2018,Brasil,Infantil,Livre,1.054,"5.675.532,70",440.939
71,A maldição da chorona,The curse of La Llorona,Warner,4/18/2019,EUA,Terror,14,576,"5.606.376,29",362.637
72,Máquinas mortais,Mortal engines,Universal,1/10/2019,EUA,Ficção-científica,14,465,"5.256.816,79",333.997
73,Brinquedo assassino,Child's play,Imagem,8/22/2019,Canadá/ EUA,Terror,16,810,"5.007.959,41",345.138
74,A favorita,The favourite,Fox,1/24/2019,EUA/ Reino Unido,Drama,14,81,"4.990.555,98",256.162
75,Doutor sono,Doctor sleep,Warner,11/7/2019,EUA,Terror,16,750,"4.891.749,26",303.496
76,Vice,Vice,Imagem,1/31/2019,EUA,Drama,14,156,"4.731.152,41",218.355
77,Dor e glória,Dolor y gloria,Universal,6/13/2019,Espanha,Drama,16,58,"4.190.210,23",223.970
78,Zumbilândia - Atire duas vezes,Zombieland 2 - Double tap,Sony,10/24/2019,EUA,Comédia,16,565,"4.174.809,41",288.575
79,Brincando com fogo,Playing with fire,Paramount,12/12/2019,EUA,Comédia,Livre,423,"4.080.937,75",310.688
80,A mula,The mule,Warner,2/14/2019,EUA,Drama,16,99,"3.973.725,57",180.836
81,After,After,Diamond Films,4/11/2019,EUA,Romance,14,592,"3.887.358,33",265.755
82,Crime sem saída,21 bridges,Galeria Distribuidora,12/12/2019,EUA,Ação,14,504,"3.788.170,05",263.240
83,Bohemian Rhapsody,Bohemian Rhapsody,Fox,11/1/2018,EUA,Biografia,14,719,"3.547.437,38",176.717
84,"Ela disse, ele disse","Ela disse, ele disse",Imagem,10/3/2019,Brasil,Comédia,Livre,486,"3.456.550,24",245.137
85,Predadores assassinos,Crawl,Paramount,9/26/2019,EUA,Terror,16,563,"3.410.381,61",230.927
86,As golpistas ,Hustlers,Diamond Films,12/5/2019,EUA,Comédia,16,456,"3.348.886,67",218.786
87,Corgi - Top dog,The queen's Corgi,Imagem,9/5/2019,Bélgica,Animação,Livre,512,"3.319.845,33",227.293
88,A sereia - Lago dos mortos,The mermaid - Lake of the dead,Paris,1/31/2019,Russia,Terror,12,313,"3.306.350,17",234.645
89,O menino que queria ser rei,The kid who would be king,Fox,1/31/2019,EUA,Aventura,Livre,507,"3.256.720,57",232.895
90,Playmobil - O filme,Playmobil,Paris,12/19/2019,França / Alemanha / EUA,Animação,Livre,477,"3.148.214,08",211.016
91,Vingança a sangue frio,Cold pursuit,Paris,3/14/2019,Reino Unido,Ação,16,325,"3.100.331,34",194.476
92,Parasita,Parasita,Alpha Filmes/ Pandora,11/7/2019,Coréia do Sul,Suspense,16,63,"3.055.958,22",161.798
93,Meu amigo Enzo,The art of racing in the rain,Disney,8/8/2019,EUA,Drama,10,474,"3.053.260,46",200.378
94,A esposa,The wife,Alpha Filmes/ Pandora,1/10/2019,Reino Unido / Suecia / EUA,Drama,12,60,"2.959.430,36",159.340
95,Um dia de chuva em Nova York,A rainy day in New York,Imagem,11/21/2019,EUA,Comédia,14,117,"2.948.683,36",137.758
96,Maligno,The prodigy,Imagem,3/14/2019,EUA,Terror,16,404,"2.791.855,66",188.557
97,Histórias assustadoras para contar no escuro,Scary stories to tell in the dark,Diamond Films,8/8/2019,EUA,Terror,14,371,"2.671.460,75",182.690
98,Carcereiros - O filme,Carcereiros - O filme,Imagem,11/28/2019,Brasil,Drama,16,548,"2.608.942,25",193.212
99,Hellboy,HELLBOY - RISE OF THE BLOOD QUEEN,Imagem,5/23/2019,EUA,Ação,16,457,"2.578.065,00",173.905
100,Cine Holliúdy 2 - A chibata sideral,Cine Holliúdy 2 - A chibata sideral,DTF/Paris,3/21/2019,Brasil,Comédia,12,121,"2.479.243,32",172.363
101,Downton Abbey,Downton Abbey,Universal,10/24/2019,Reino Unido,Drama,12,50,"2.469.095,33",107.924
102,Juntos para sempre,A dog's journey,Universal,6/6/2019,EUA,Drama,12,351,"2.449.027,00",168.046
103,Casal improvável,Long shot,Paris,6/20/2019,EUA,Comédia,16,262,"2.410.523,90",129.113
104,A odisseia dos tontos,La odisea de los giles,Warner,10/31/2019,Argentina/ Espanha,Comédia,12,95,"2.304.622,17",119.289
105,A maldição da freira,The devil's doorway,Playarte,2/28/2019,Reino Unido,Horror,14,189,"2.270.106,77",147.850
106,Midway - Batalha em alto mar,Midway,Diamond Films,11/21/2019,EUA,Ação,14,438,"2.262.044,99",138.399
107,Medo profundo - O segundo ataque,47 meters down - The next chapter,Paris,11/21/2019,Reino Unido,Terror,14,358,"2.115.758,63",153.431
108,Todos já sabem,Everybody knows,Paris,2/21/2019,Espanha/ França,Drama,12,64,"2.029.090,29",105.062
109,Hebe - A estrela do Brasil,Hebe - A estrela do Brasil,Warner,9/26/2019,Brasil,Biografia,14,398,"1.982.549,84",117.518
110,A vida invisível,A vida invisível,Sony / Vitrine Filmes,10/31/2019,Brasil,Drama,16,0,"1.971.685,26",112.770
111,Ted Bundy - A irresistível face do mal,Extremely wicked shockingly evil and vile,Paris,7/25/2019,EUA,Suspense,16,111,"1.919.232,62",95.470
112,O retorno de Mary Poppins,Mary Poppins returns,Disney,12/20/2018,EUA,Fantasia,Livre,675,"1.899.332,90",110.790
113,Uma nova chance,Second act,Diamond Films,1/31/2019,EUA,Comédia,12,236,"1.885.029,30",123.302
114,Minha fama de mau,Minha fama de mau,DTF/Paris,2/14/2019,Brasil,Biografia,12,212,"1.802.089,62",113.131
115,Duas rainhas,Mary - Queen of Scots,Universal,4/4/2019,EUA/ Reino Unido,Drama,16,61,"1.778.642,25",82.216
116,Atentado ao Hotel Taj Mahal,Hotel Mumbai,Imagem,7/11/2019,Austrália/Índia/EUA,Drama,16,110,"1.771.671,38",77.668
117,O manicômio,Heilstatten,Paris,1/3/2019,Alemanha,Terror,16,202,"1.711.996,11",108.937
118,Eu sou mais eu,Eu sou mais eu,Imagem,1/24/2019,Brasil,Comédia,12,537,"1.702.919,19",127.503
119,Anna - O perigo tem nome,Anna,Paris,8/29/2019,França,Ação,16,308,"1.700.367,48",100.101
120,As trapaceiras,The hustle,Universal,7/25/2019,EUA,Comédia,12,153,"1.581.720,36",91.415
121,Um amor inesperado,El amor menos pensado,Alpha Filmes/ Pandora,3/14/2019,Argentina,Comédia - Romântica,14,55,"1.573.574,44",86.413
122,O gênio e o louco,The professor and the madman,Imagem,4/18/2019,EUA,Drama,14,74,"1.499.799,23",66.887
123,UglyDolls,UglyDolls,Diamond Films,5/16/2019,EUA,Animação,Livre,426,"1.396.242,37",91.685
124,O reino gelado - A terra dos espelhos,Snezhnaya koroleva. Zazerkale,Galeria Distribuidora,11/21/2019,Russia,Animação,Livre,314,"1.364.728,56",108.056
125,Infiltrado na Klan,Blackkklansman,Universal,11/22/2018,EUA,Ação,14,51,"1.334.612,35",84.171
126,Chorar de rir,Chorar de rir,Warner,3/21/2019,Brasil,Comédia,12,239,"1.250.949,44",84.821
127,Simonal,Simonal,DTF/Paris,8/8/2019,Brasil,Biografia,14,93,"1.181.662,10",64.959
128,No portal da eternidade,At eternity's gate,Diamond Films,2/7/2019,Reino Unido/França/EUA,Drama,12,60,"1.166.636,29",62.345
129,Brightburn - Filho das trevas,Brightburn,Sony,5/23/2019,EUA,Horror,16,300,"1.161.344,62",78.379
130,O mal não espera a noite - Midsommar,Midsommar,Paris,9/19/2019,EUA,Terror,18,154,"1.134.790,80",65.630
131,Abigail e a cidade proibida,Abigail,Playarte,9/12/2019,Russia,Aventura,12,269,"997.272,38",67.629
132,Cats,Cats,Universal,12/26/2019,EUA,Comédia,Livre,216,"916.398,35",44.063
133,O amor dá trabalho,O amor dá trabalho,DTF/Paris,8/29/2019,Brasil,Comédia,12,111,"899.760,48",58.922
134,Assunto de família,Manbiki kazoku,Imovision,1/10/2019,Japão,Drama,14,30,"891.895,40",53.290
135,A tabacaria,Der trafikant,A2 Filmes,9/5/2019,Áustria/Alemanha,Drama,16,38,"886.332,88",50.324
136,Cafarnaum,Capharnaüm,Sony,1/17/2019,Libano,Drama,16,8,"880.637,74",55.159
137,A grande mentira,The good liar,Warner,11/21/2019,EUA,Drama,16,108,"852.876,92",40.180
138,Suprema,On the basis of sex,Diamond Films,3/14/2019,EUA,Drama,12,67,"842.054,98",42.195
139,Depois do casamento,After the wedding,Diamond Films,9/19/2019,EUA,Drama,12,124,"818.576,00",35.977
140,Guerra Fria,Cold War,California,2/7/2019,França/ Polônia,Drama,10,59,"743.879,63",45.869
141,Os brinquedos mágicos,Tea Pets,Playarte,8/22/2019,China,Animação,Livre,295,"717.140,18",49.524
142,O tradutor,El tradutor,Galeria Distribuidora,4/4/2019,Cuba/Canadá,Drama,10,62,"693.836,12",39.972
143,Obsessão,Greta,Galeria Distribuidora,6/13/2019,EUA,Suspense,14,124,"673.098,05",38.393
144,A espiã vermelha,Red Joan,California,5/16/2019,Reino Unido,Biografia,14,36,"658.299,17",34.373
145,Maria do Caritó,Maria do Caritó,Imagem,10/31/2019,Brasil,Comédia,12,226,"637.695,05",40.852
146,"Cadê você, Bernadette?","Where'd you go, Bernadette?",Imagem,11/7/2019,EUA,Comédia - Dramática,14,90,"617.010,77",27.996
147,Rainhas do crime,The kitchen,Warner,8/8/2019,EUA,Ação,16,79,"605.847,34",28.500
148,Cópias - De volta a vida,Replicas,Paris,4/18/2019,EUA,Ficção-científica,14,119,"597.975,55",35.441
149,A menina e o leão,Mia and the while lion,Paris,5/9/2019,França/África do Sul/Alemanha,Aventura,12,119,"572.451,76",34.875
150,Gloria Bell,Gloria Bell,Sony,3/28/2019,Chile,Drama,16,13,"565.792,83",30.679
151,Ma,Ma,Universal,5/30/2019,EUA,Thriller,16,116,"554.368,09",35.927
152,Culpa,The guilty,California,12/27/2018,Dinamarca,Suspense,12,35,"534.662,44",31.508
153,O anjo,El ángel,Pagu Pictures,4/18/2019,Argentina,Drama,16,32,"523.285,43",28.150
154,O retorno de Ben,Ben is back,Diamond Films,3/21/2019,EUA,Drama,14,83,"500.147,09",25.505
155,Nasce uma estrela,A star is born,Warner,10/11/2018,EUA,Musical,16,553,"497.606,12",28.716
156,Border,Gräns,Arteplex Filmes,4/11/2019,Suécia,Drama,16,15,"493.098,21",27.244
157,Um banho de vida,Le grand bain,Pagu Pictures,3/21/2019,França,Comédia,14,32,"491.908,72",27.613
158,Calmaria,Serenity,Diamond Films,2/28/2019,EUA,Drama,14,55,"477.720,30",24.024
159,O confeiteiro,The cakemaker,Imovision,12/27/2018,Alemanha,Drama,14,17,"450.400,44",27.113
160,Muleque té doido 3: Mais doido ainda!,Muleque té doido 3: Mais doido ainda!,Distribuição Própria,1/24/2019,Brasil,Comédia,14,18,"446.974,58",32.649
161,Amigos para sempre,The upside,California,1/17/2019,EUA,Drama,14,59,"438.000,07",19.022
162,Morto não fala,Morto não fala,Pagu Pictures,10/10/2019,Brasil,Suspense,16,79,"428.317,89",27.696
163,Jornada da vida,Yao,California,7/18/2019,França/ Senegal,Drama,10,8,"422.090,58",24.280
164,Aventura em miniatura,The big shrink,Lança Filmes,11/28/2019,China,Animação,Livre,62,"420.660,35",32.154
165,Un homem fiel,L'homme fidèle,Supo Mungam Films,7/4/2019,França,Comédia - Dramática,12,39,"410.145,60",25.986
166,A grande dama do cinema,El cuento de las comadrejas,Fênix Filmes,5/16/2019,Argentina/ Espanha,Comédia - Dramática,????,22,"409.635,27",23.595
167,Quem você pensa que sou,Celle que vous croyez,California,9/12/2019,França/ Belgica,Drama,16,29,"406.902,09",24.247
168,A batalha das correntes,The current war,Diamond Films,12/19/2019,EUA,Drama,12,78,"404.703,51",18.609
169,Encontros,Deux moi,Imovision,10/3/2019,França,Drama,12,12,"404.560,17",22.050
170,My Hero Academia: 2 Heróis - O Filme,My Hero Academia The Movie: Futari no Hero,Sato Company,8/8/2019,Japão,Animação,12,105,"403.687,10",23.176
171,Socorro! Virei uma garota,Socorro! Virei uma garota,DTF/Paris,8/22/2019,Brasil,Comédia,12,119,"395.781,14",26.552
172,A última loucura de Claire Darling,La Dernière Folie de Claire Darling,A2 Filmes,8/1/2019,França/ Belgica,Drama,12,31,"384.361,40",22.248
173,A música da minha vida,Blinded by the light,Warner,9/19/2019,Inglaterra,Comédia,12,51,"377.559,03",17.445
174,Amor à segunda vista,Mon inconnue,Bonfilm,7/11/2019,França/ Belgica,Comédia,12,29,"372.702,91",23.854
175,A rebelião,Capitive state,Diamond Films,3/28/2019,EUA,Ficção-científica,14,92,"366.291,53",23.193
176,Divino amor,Divino amor,Vitrine Filmes,6/27/2019,Brasil,Drama,18,36,"353.693,11",24.038
177,O professor substituto,L'heure de la sortie,Supo Mungam Films,7/25/2019,França,Suspense,16,20,"351.763,84",22.579
178,Eu acredito,I believe,Imagem,6/6/2019,EUA,Drama,12,104,"351.524,65",24.925
179,O peso do passado,Destroyer,Diamond Films,1/17/2019,EUA,Drama,16,40,"345.472,85",19.041
180,Rainha de copas,Dronningen,Arteplex Filmes,9/12/2019,Dinamarca,Drama,18,21,"335.826,81",18.981
181,Crimes obscuros,True crimes,Cinecolor,2/28/2019,Reino Unido/Polônia/EUA,Thriller,18,59,"334.663,08",21.256
182,A costureira de sonhos,Sir,Imovision,5/23/2019,Índia/França,Drama,10,12,"330.861,40",18.968
183,Vidas duplas,Doubles vies,California,4/18/2019,França,Drama,14,34,"327.717,44",18.170
184,Cézanne e eu,Cézanne et moi,Bretz Filmes,7/4/2019,França,Biografia,14,6,"325.700,80",18.333
185,Um ato de esperança,The children act,A2 Filmes,3/21/2019,EUA/ Inglaterra,Drama,12,27,"295.292,79",17.446
186,Minha obra-prima,Mi obra-maestra,Arteplex Filmes,3/28/2019,Argentina,Comédia,14,18,"287.281,31",16.421
187,A revolução em Paris,Un peuple et son roi,Bonfilm,11/28/2019,França/ Belgica,Drama,16,85,"285.334,21",18.597
188,Se a rua Beale falasse,If Beale street could talk,Sony,2/7/2019,EUA,Drama,14,6,"284.984,87",19.470
189,Adam,Adam,Arteplex Filmes,11/14/2019,França / Marrocos,Drama,12,16,"281.415,04",15.528
190,Link perdido,Missing link,Disney,11/7/2019,Canadá / EUA,Animação,10,285,"276.575,43",19.742
191,Entardecer,Napszállta,California,5/2/2019,Hungria/França,Drama,14,15,"273.764,87",15.033
192,Não olhe,Look away,Paris,2/28/2019,EUA,Suspense,16,60,"266.630,61",14.430
193,Querido menino,Beautiful boy,Diamond Films,2/21/2019,EUA,Drama,14,73,"255.177,86",14.933
194,Segredos oficiais,Official secrets,Diamond Films,10/31/2019,Inglaterra/EUA,Biografia,12,48,"253.185,41",14.080
195,Graças a Deus,Grâce à Dieu,California,6/20/2019,França/ Belgica,Drama,14,28,"251.759,58",15.803
196,Tudo o que tivemos,What they had,Diamond Films,5/2/2019,EUA,Drama,12,54,"249.507,27",13.603
197,O sol também é uma estrela,The sun is also a star,Warner,5/16/2019,EUA,Drama,12,107,"247.813,70",14.125
198,As rainhas da torcida,Poms,Diamond Films,8/1/2019,Inglaterra/EUA,Comédia,12,73,"243.674,26",13.304
199,O paraíso deve ser aqui,It must be heaven,Imovision,12/19/2019,França / Catar,Drama,12,17,"238.775,01",12.159
200,Brooklyn - Sem pai nem mãe,Motherless Brooklyn,Warner,12/5/2019,EUA,Drama,16,23,"236.004,46",10.485
201,O mistério de Henri Pick,Le mystére Henri Pick,A2 Filmes,7/25/2019,França/ Belgica,Comédia,14,24,"233.261,15",14.834
202,Deslembro,Deslembro,Imovision,6/20/2019,Brasil,Drama,14,20,"229.236,22",14.261
203,A pé ele não vai longe,"Don't worry, he won't get far on foot",Diamond Films,12/27/2018,EUA,Comédia,14,40,"222.074,14",12.335
204,O médico indiano,The doctor from India,Distribuição Própria,2/7/2019,EUA,Documentário,Livre,6,"219.040,27",12.661
205,Fevereiros,Fevereiros,Art House Movies,1/31/2019,Brasil,Documentário,Livre,15,"216.862,06",14.744
206,Um amor impossível,Un amour impossible,A2 Filmes,8/22/2019,França/ Belgica,Romance,16,29,"213.010,53",11.752
207,Asterix e o segredo da poção mágica,Astérix - Le secret de la potion magique,Bonfilm,9/19/2019,França,Animação,Livre,38,"209.704,11",12.914
208,Colette,Colette,Diamond Films,12/13/2018,EUA/ Reino Unido,Drama,14,54,"201.514,82",12.658
209,Amanda,Amanda,Imovision,5/2/2019,França,Drama,14,7,"197.150,28",11.496
210,Adeus à noite,L'adieu à la nuit,Pandora,9/12/2019,França,Drama,12,51,"194.183,90",11.991
211,O juízo,O juízo,DTF/Paris,12/5/2019,Brasil,Terror,14,104,"192.181,06",11.575
212,O Caravaggio roubado,Una storia senza nome,Pagu Pictures,5/23/2019,Itália,Thriller,14,21,"191.872,62",11.975
213,Lizzie,Lizzie,Diamond Films,1/3/2019,EUA,Suspense,12,26,"189.853,62",10.379
214,Voando alto,Manou the Swift,Paris,8/8/2019,Alemanha,Animação,Livre,116,"188.330,19",13.289
215,Não mexa com ela,Isha Ovedet,Pagu Pictures,8/8/2019,Israel,Drama,16,25,"187.269,45",10.785
216,Uma mulher alta,Dylda,Supo Mungam Films,12/12/2019,Russia,Drama,16,21,"186.569,59",10.571
217,O maior presente,El mayor regalo,Coragem Distribuidora,9/19/2019,Espanha,Drama,12,45,"181.161,75",11.209
218,Tito e os pássaros,Tito e os pássaros,Elo Company/Europa,2/14/2019,Brasil,Animação,Livre,38,"169.251,10",17.683
219,O rei de Roma,Io sono tempesta,Pagu Pictures,3/7/2019,Itália,Comédia,14,26,"159.564,55",9.519
220,UMA - Luz dos Himalaias,UMA - Luz dos Himalaias,Espaço Filmes,11/21/2019,Brasil,Documentário,Livre,19,"159.112,21",8.278
221,Duas coroas,Dwie korony,A2 Filmes,11/28/2019,Polônia,Biografia,12,68,"155.974,21",11.140
222,Tolkien,Tolkien,Fox,5/23/2019,EUA,Biografia,14,18,"155.741,21",6.714
223,Boas intenções,Les bonnes intentions,Pandora,7/4/2019,França,Comédia - Dramática,14,15,"154.041,74",10.128
224,Poderia me perdoar?,Can you ever forgive me?,Fox,2/14/2019,EUA,Comédia - Dramática,16,7,"153.740,85",9.480
225,A luz no fim do mundo,Light of my life,Imagem,10/17/2019,EUA,Drama,14,21,"153.397,23",7.266
226,Legalidade,Legalidade,Boulevard Filmes,9/12/2019,Brasil,Drama,14,32,"152.150,72",11.039
227,Cyrano mon amour,Edmond,A2 Filmes,6/27/2019,França,Comédia,14,24,"149.839,49",10.080
228,Verão de 84,Summer of 84,Cinecolor,8/29/2019,EUA/Canadá,Terror,16,108,"147.795,59",9.793
229,Climax,Climax,Imovision,1/31/2019,França,Drama,18,22,"146.728,89",8.425
230,A nossa espera,Nos batailles,Vitrine Filmes,1/3/2019,Bélgica/ França,Drama,12,19,"145.607,73",8.502
231,Memórias da dor,La douleur,Imovision,6/6/2019,França,Drama,12,6,"144.170,48",8.396
232,Vision,Vision,Imovision,9/5/2019,Japão/França,Drama,16,17,"142.011,64",7.720
233,Fora de série,Booksmart,Imagem,6/13/2019,EUA,Comédia,16,114,"140.939,13",9.670
234,Emma e as cores da vida,Il colore nascosto delle cose,Arteplex Filmes,12/27/2018,Itália,Drama,14,15,"140.625,14",8.763
235,Feliz aniversário,Fête de famille,Imovision,12/5/2019,França,Drama,16,9,"140.352,85",7.252
236,O mau exemplo de Cameron Post,The miseducation of cameron post,Pandora,4/18/2019,EUA,Drama,16,38,"136.750,26",8.247
237,A pequena travessa,Little miss dolittle,Paris,7/11/2019,Alemanha,Infantil,Livre,82,"135.069,57",9.265
238,A casa de veraneio,Les estivants,Imovision,2/28/2019,França/ Itália,Drama,12,16,"134.314,41",7.752
239,Era uma vez um Deadpool,Once upon a Deadpool,Fox,12/27/2018,EUA,Ação,????,98,"134.260,37",9.885
240,Vox lux - O preço da fama,Vox Lux,Paris,3/28/2019,EUA,Drama,16,32,"132.638,19",6.271
241,O bar Luva Dourada,Der Goldene Handschuh,Imovision,7/18/2019,Alemanha,Suspense,18,14,"129.324,14",7.568
242,P pintassilgo,The goldfinch,Warner,10/10/2019,EUA,Drama,16,21,"128.821,82",6.609
243,O mistério do gato chinês,Kûkai,Playarte,7/25/2019,China/ Japão,Fantasia,14,34,"128.595,28",6.968
244,Noite mágica,Notti magiche,Imovision,8/15/2019,Itália,Comédia,16,20,"126.010,78",7.657
245,Estaremos sempre juntos,Nous finirons ensemble,Imovision,11/14/2019,França / Bélgica,Comédia - Dramática,14,9,"125.205,25",7.101
246,Amor até as cinzas,Ash is purest white,Imovision,4/18/2019,China/ França,Drama,12,17,"123.998,22",7.121
247,Los silencios,Los silencios,Vitrine Filmes,4/11/2019,Brasil/Colômbia/França,Drama,12,19,"122.624,29",7.567
248,Mademoiselle Paradis,Mademoiselle Paradis,A2 Filmes,5/9/2019,Áustria/Alemanha,Drama,14,24,"122.607,13",7.301
249,Varda por Agnès,Varda by Agnès,Imovision,5/9/2019,França,Documentário,12,14,"122.097,43",7.322
250,Synonymes,Synonymes,Fênix Filmes/Escarlate,12/12/2019,França / Israel / Alemanha,Drama,18,17,"121.620,55",7.262
251,A lenda de Golem,The Golem,Playarte,6/13/2019,Israel,Terror,16,88,"120.097,92",7.803
252,Albatroz,Albatroz,DTF/Paris,3/7/2019,Brasil,Suspense,14,65,"113.390,33",6.455
253,Em trânsito,Transit,Supo Mungam Films,4/11/2019,Alemanha/ França,Drama,Livre,10,"112.391,46",7.494
254,Minha lua de mel polonesa,Lune de miel,Pandora,8/29/2019,França,Comédia,12,33,"109.743,92",6.562
255,Finalmente livres,En Liberté!,California,12/12/2019,França,Drama,14,81,"109.595,47",7.143
256,Pássaros de verão,Birds of passage,Arteplex Filmes,8/22/2019,Colômbia/ Dinamarca/ México/ Alemanha/ Suíça/ França,Drama,16,7,"109.335,78",6.270
257,A camareira,La camarista,Supo Mungam Films,11/14/2019,México,Drama,14,26,"106.430,87",6.558
258,Os dois filhos de Joseph,Deux fils,Pandora,8/1/2019,França,Comédia - Dramática,????,19,"103.052,64",6.797
259,Quando Margot encontra Margot,La belle et la belle,Pandora,4/4/2019,França,Comédia,14,40,"100.373,39",5.922
260,Imagem e palavra,Le livre d'image,Imovision,3/14/2019,França/ Suiça,Drama,16,16,"99.831,01",5.955
261,Papicha,Papicha,Pandora,10/31/2019,Argélia/ França/ Bélgica/ Qatar,Drama,16,39,"98.073,76",6.470
262,Três faces,Se rokh,Imovision,4/4/2019,Irã,Drama,14,8,"97.498,60",5.721
263,Filhas do Sol,Les filles du soleil,California,9/26/2019,França/ Bélgica/ Geórgia/ Suíça,Drama,16,7,"96.660,13",7.046
264,Retrato do amor,Photograph,California,8/8/2019,Alemanha/ Índia/ EUA,Romance,12,10,"95.681,56",5.461
265,Bate coração,Bate coração,DTF/Paris,11/7/2019,Brasil,Drama,12,88,"94.300,54",5.989
266,Greta,Greta,Pandora,10/10/2019,Brasil,Drama,18,18,"94.080,13",6.974
267,Um amante francês,Just a gigolo,Pagu Pictures,11/28/2019,França,Comédia,12,21,"89.241,25",4.966
268,Suspíria - A dança do medo,Suspiria,Playarte,4/11/2019,Itália/EUA,Terror,16,16,"87.786,90",5.614
269,O silêncio dos outros,El silencio de otros,Supo Mungam Films,2/28/2019,Espanha/ EUA,Documentário,12,11,"87.676,30",5.698
270,Meditation park,Meditation park,Lança Filmes,4/11/2019,Canadá,Documentário,10,6,"85.234,56",4.978
271,Aqueles que ficaram,Akik maradtak,Supo Mungam Films,12/26/2019,Hungria,Drama,12,19,"83.399,37",4.696
272,Meu querido filho,Weldi,Pandora,1/3/2019,"Tunísia, França, Bélgica, EUA",Drama,12,19,"82.995,78",5.621
273,Made in Italy,Made in Italy,Espaço Filmes,2/28/2019,Itália,Comédia - Dramática,14,6,"82.506,02",4.403
274,Entre tempos,Ricordi?,Cineart Filmes,8/22/2019,Itália,Drama,14,17,"81.001,08",4.680
275,Meu bebê,Mon bébé,Bonfilm,8/1/2019,França/ Belgica,Comédia - Dramática,14,14,"79.038,28",5.174
276,Inocência roubada,Les chatouilles,A2 Filmes,7/11/2019,França,Drama,16,12,"78.908,90",5.790
277,A juíza,RBG,Flow,5/23/2019,EUA,Documentário,Livre,6,"78.307,47",6.235
278,Sobibor,Sobibor,A2 Filmes,4/25/2019,Rússia/ Alemanha/ Lituânia/ Polônia,Guerra,16,20,"75.451,27",4.692
279,O homem que matou Dom Quixote,The man who killed Don Quixote,Elite Filmes,6/6/2019,Espanha/Bélgica/França/Portugal/Reino Unido,Aventura,12,27,"73.722,68",4.049
280,No coração do mundo,No coração do mundo,Embaúba Filmes,8/1/2019,Brasil,Drama,16,16,"73.717,52",5.520
281,Normandia nua,Normandie nue,A2 Filmes,2/21/2019,França,Comédia - Dramática,14,13,"73.699,10",5.263
282,Sócrates,Sócrates,O2 Play,9/26/2019,Brasil,Drama,16,22,"72.458,22",5.645
283,Luta de classes,La lutte des classes,A2 Filmes,10/24/2019,França,Comédia,12,22,"71.200,98",4.724
284,Torre das donzelas,Torre das donzelas,Elo Company,9/19/2019,Brasil,Documentário,12,15,"71.032,59",5.231
285,Bixa Travesty,Bixa Travesty,Arteplex Filmes,11/21/2019,Brasil,Documentário,18,15,"70.793,80",13.070
286,A árvore dos frutos selvagens,Ahlat agaci,Fênix Filmes,7/4/2019,Turquia,Drama,14,9,"67.525,23",4.131
287,"Santiago, Itália","Santiago, Itália",Pandora,6/20/2019,Itália/ França,Documentário,12,5,"66.665,95",4.141
288,Paulo de Tarso e a história do cristianismo primitivo,Paulo de Tarso e a história do cristianismo primitivo,A2 Filmes,10/3/2019,Brasil,Drama,14,13,"62.608,58",3.391
289,Alma imoral,Alma imoral,Elo Company,8/8/2019,Brasil,Documentário,12,4,"62.485,21",3.944
290,O menino que fazia rir,Der Junge muss an die frische Luft,Pandora,9/26/2019,Alemanha,,12,31,"57.333,49",4.244
291,E então nós dançamos,And Then We Danced,Zeta Filmes,12/19/2019,Suécia / Geórgia / França,Drama,14,20,"56.332,35",3.173
292,As filhas do fogo,Hijas del fuego,Vitrine Filmes,3/14/2019,Argentina,Drama,18,11,"54.939,09",3.342
293,O último lance,Tuntematon mestari,Cineart Filmes,4/25/2019,Finlândia,Drama,Livre,7,"54.673,30",3.281
294,Anos 90,Mid 90's,Diamond Films,5/30/2019,EUA,Comédia,16,25,"53.577,65",3.033
295,Os papéis de Aspern,The Aspern Papers,A2 Filmes,5/23/2019,Reino Unido/Alemanha,Drama,14,19,"53.288,08",3.369
296,Maria Callas - Em suas próprias palavras,Maria by Callas,Imovision,12/6/2018,França,Documentário,Livre,16,"52.290,43",3.652
297,A mulher do meu marido,A mulher do meu marido,Bretz Filmes,8/29/2019,Brasil,Comédia,14,40,"50.740,56",3.055
298,Eu não sou uma bruxa,I am not a witch,Imovision,6/13/2019,Reino Unido/França/Zâmbia,Drama,12,4,"48.824,89",2.908
299,Longe da árvore,Far from the tree,Flow,9/19/2019,EUA,Documentário,12,4,"48.465,24",4.926
300,Retablo,Retablo,Arteplex Filmes,11/7/2019,Peru / Alemanha / Noruega,Drama,16,8,"48.427,75",2.898
301,Recife assombrado,Recife assombrado,Elo Company,11/21/2019,Brasil,Terror,16,12,"47.679,07",4.788
302,Amazônia - O despertar da florestania,Amazônia - O despertar da florestania,Descoloniza Filmes,5/9/2019,Brasil,Documentário,Livre,13,"47.625,55",3.540
303,Happy hour - Verdades e consequências,Happy hour,Imovision,3/28/2019,Brasil/Argentina,Comédia - Dramática,14,29,"47.202,53",3.138
304,Praça pública,Place publique,Imovision,1/17/2019,França,Comédia,14,3,"47.040,27",2.814
305,"Mulheres armadas, homens na lata",Rebelles,Imovision,8/8/2019,França,Comédia,16,10,"46.446,71",2.777
306,Chicuarotes,Chicuarotes,Supo Mungam Films,9/5/2019,México,Drama,16,26,"45.998,51",3.046
307,A maratona de Brittany,Brittany runs a marathon,Diamond Films,10/24/2019,EUA,Comédia,14,6,"45.946,13",2.346
308,O ano de 1985,1985,Supo Mungam Films,4/25/2019,EUA,Drama,14,13,"45.301,18",2.690
309,"Conquistar, amar e viver intensamente","Plaire, aimer et courir vite",Imovision,12/20/2018,França,Drama,16,17,"44.958,87",3.233
310,Em guerra,En guerre,Supo Mungam Films,10/10/2019,França,Drama,16,5,"44.801,02",2.731
311,A vida de Diane,Diane,Supo Mungam Films,5/9/2019,EUA,Drama,16,14,"43.677,54",2.475
312,Sou carnaval de São Salvador,Sou carnaval de São Salvador,DTF/Paris,1/24/2019,Brasil,Documentário,14,29,"43.477,56",3.045
313,Carta para além dos muros,Carta para além dos muros,Descoloniza Filmes,9/26/2019,Brasil,Documentário,12,10,"42.752,79",3.565
314,Dogman,Dogman,Arteplex Filmes,2/21/2019,Itália/ França,Policial,16,0,"42.271,70",2.286
315,Estou me guardando para quando o carnaval chegar,Estou me guardando para quando o carnaval chegar,Vitrine Filmes,7/11/2019,Brasil,Documentário,10,14,"42.233,56",5.215
316,O relatório,The report,Diamond Films,11/7/2019,EUA,Drama,16,6,"40.902,53",1.884
317,O último amor de Casanova,Dernier amour,California,12/26/2019,França,Drama,14,24,"40.816,13",2.252
318,Temporada,Temporada,Vitrine Filmes,1/17/2019,Brasil,Drama,12,18,"40.656,45",4.978
319,Mal nosso,Mal nosso,Distribuição Própria,3/14/2019,Brasil,Terror,16,14,"39.168,75",2.155
320,A sombra do pai,A sombra do pai,Pandora,5/2/2019,Brasil,Drama,16,15,"38.644,27",2.331
321,Através do fogo,Sauver ou périr,California,6/6/2019,França,Drama,16,65,"38.381,56",2.657
322,Pyewacket - Entidade maligna,Pyewacket,Cinecolor,9/26/2019,Canadá,Suspense,16,42,"38.225,37",2.619
323,Vermelho sol,Rojo,Vitrine Filmes,8/8/2019,Brasil/ Argentina/ França/ Holanda/ Alemanha,Drama,14,15,"38.224,50",4.456
324,Os 3 infernais,3 from hell,Paris,10/24/2019,EUA,Terror,14,41,"37.988,51",2.302
325,Dafne,Dafne,Pagu Pictures,9/19/2019,Itália,Comédia,10,25,"37.773,13",2.172
326,Jesus de Nazaré - O filho de Deus,Jesús de Nazareth - El hijo de Dios,Europa,4/18/2019,Espanha,Religioso,14,60,"36.905,06",2.499
327,Um funeral em família,A Madea family funeral,Paris,4/4/2019,EUA,Comédia,12,29,"36.884,77",2.091
328,A fera na selva,A fera na selva,O2 Play,10/3/2019,Brasil,Comédia - Dramática,12,2,"36.524,99",2.864
329,Rafiki,Rafiki,Ipecine/Olhar Distribuição,8/8/2019,Quênia/França/África do Sul,Drama,14,9,"36.511,35",3.135
330,Cyrano de Bergerac,Cyrano de Bergerac,Bonfilm,6/13/2019,França,Comédia - Dramática,12,57,"36.038,26",2.604
331,A história de um sonho - Todas as casas do timão,A história de um sonho - Todas as casas do timão,Elo Company,6/6/2019,Brasil,Documentário,Livre,29,"35.466,90",4.929
332,Robin Hood - A origem,Robin Hood - Origins,Paris,11/29/2018,EUA,Aventura,14,605,"35.230,94",2.750
333,Yomeddine - Em busca de um lar,Yomeddine,Imovision,3/7/2019,Egito/ França,Aventura,10,5,"34.943,96",1.913
334,O galã,O galã,H2O Films,2/7/2019,Brasil,Comédia,12,26,"34.593,58",2.193
335,Maya,Maya,Zeta Filmes,6/20/2019,França,Drama,12,1,"34.201,05",2.307
336,Desafio de um campeão,Il campione,Arteplex Filmes,10/17/2019,Itália,Comédia,14,10,"33.834,36",1.918
337,Família submersa,A submerged family,Esfera,4/4/2019,Argentina/ Brasil,Drama,12,13,"33.799,65",1.976
338,Ventos da liberdade,Ballon,A2 Filmes,11/7/2019,Alemanha,Drama,12,20,"33.614,82",2.853
339,Euforia,Euforia,Espaço Filmes,10/17/2019,Itália,Drama,16,7,"33.335,18",1.920
340,Minha irmã de Paris,Ni une ni deux,Pagu Pictures,12/26/2019,França,Comédia,12,11,"33.179,16",1.802
341,Sobre rodas,Sobre rodas,Klaxon Cultura Audiovisual,3/14/2019,Brasil,Infantil,Livre,16,"30.947,05",3.217
342,Compra-me um revólver,Cómprame un revolver,Pandora,5/30/2019,México/Colômbia,Drama,16,32,"30.619,18",1.811
343,O Grinch,The Grinch,Universal,11/8/2018,EUA,Animação,Livre,964,"30.458,54",2.489
344,Sefarad,Sefarad,Lira Filmes,11/7/2019,Portugal,Drama,10,10,"29.626,07",1.827
345,Raiva,Raiva,Pandora,3/7/2019,Portugal/França/Brasil,Drama,14,16,"29.010,71",2.091
346,Domingo,Domingo,Art House Movies,10/3/2019,Brasil/ França,Drama,16,12,"28.708,56",2.282
347,A vida em si,Life itself,Paris,12/6/2018,EUA,Drama,16,209,"27.566,09",1.968
348,Eu sinto muito,Eu sinto muito,Elo Company,10/10/2019,Brasil,Drama,14,25,"27.375,56",2.862
349,Pastor Cláudio,Pastor Cláudio,Art House Movies,3/14/2019,Brasil,Documentário,12,5,"27.116,35",1.972
350,"O fim da viagem, o começo de tudo",Tabi no owari sekai no hajimari,Zeta Filmes,9/12/2019,Japão/Uzbequistão/Catar,Drama,12,5,"27.067,91",1.679
351,Meu amigo Fela,Meu amigo Fela,O2 Play,11/7/2019,Brasil,Documentário,14,18,"26.684,18",2.083
352,Pavarotti,Pavarotti,Cinecolor,10/17/2019,EUA/ Reino Unido,Documentário,10,10,"25.685,13",1.418
353,Em chamas,Beoning,Pandora,11/15/2018,Coréia do Sul,Drama,16,8,"24.895,01",2.060
354,A cidade dos piratas,A cidade dos piratas,Lança Filmes,10/31/2019,Brasil,Animação,16,16,"24.791,39",1.612
355,Uma noite de 12 anos,La noche de 12 años,Vitrine Filmes,9/27/2018,Uruguai/Argentina/Espanha,Drama,14,12,"24.740,78",1.462
356,Mormaço,Mormaço,Vitrine Filmes,5/9/2019,Brasil,Drama,14,10,"24.625,03",1.807
357,Peterloo,Peterloo,Diamond Films,9/12/2019,Reino Unido,Drama,14,5,"24.227,18",1.196
358,Márcia Haydée - Uma vida pela dança,Márcia Haydée - Uma vida pela dança,Anagrama Filmes,4/18/2019,Brasil,Documentário,Livre,17,"24.188,92",1.376
359,Santos de todos os gols,Santos de todos os gols,Elo Company/Europa,4/18/2019,Brasil,Documentário,10,21,"23.865,40",3.547
360,La cama,La cama,Livres Filmes,4/25/2019,Argentina/ Alemanha/ Brasil/ Holanda,Drama,16,8,"23.701,72",1.379
361,Tá rindo de quê?,Tá rindo de quê?,Bretz Filmes,2/28/2019,Brasil,Documentário,12,13,"23.653,57",1.448
362,Azougue Nazaré,Azougue Nazaré,Inquieta,11/14/2019,Brasil,Drama,14,13,"23.619,50",2.772
363,Chá com as damas,ing like a dame,Supo Mungam Films,12/13/2018,Reino Unido,Documentário,10,27,"23.035,96",1.705
364,Amazônia groove,Amazônia groove,Pagu Pictures,6/6/2019,Brasil,Documentário,Livre,9,"22.779,14",1.374
365,Cadáver,The possession of Hannah Grace,Sony,11/29/2018,EUA,Horror,14,483,"22.676,24",2.286
366,Deus é mulher e seu nome é Petúnia,"Gospod postoi, imeto i' e Petrunija",Pandora,12/26/2019,Macedônia,Drama,14,10,"22.333,56",1.353
367,O beijo no asfalto,O beijo no asfalto,Art House Movies,12/6/2018,Brasil,Drama,14,23,"22.167,40",1.634
368,Chuva é cantoria na aldeia dos mortos,Chuva é cantoria na aldeia dos mortos,Embaúba Filmes,4/18/2019,Brasil/ Portugal,Documentário,Livre,17,"21.223,94",1.755
369,As loucuras de Rose,Wild rose,Diamond Films,10/3/2019,Reino Unido,Musical,14,5,"20.719,95",1.307
370,Longa jornada noite adentro,Di qiu zui hou de ye wan,Zeta Filmes,5/9/2019,China/ França,Drama,12,10,"20.585,00",1.330
371,Milagre,Milagre,IvinFilms,4/4/2019,Brasil,Documentário,12,12,"20.179,19",1.085
372,Branca como a neve,Blanche comme neige,A2 Filmes,9/19/2019,França/ Belgica,Comédia - Dramática,16,13,"19.896,32",1.462
373,Mussum - O filme do Cacildis,Mussum - O filme do Cacildis,Elo Company,4/4/2019,Brasil,Documentário,10,24,"19.815,84",1.999
374,Barrabás,Barabbas,A2 Filmes,12/12/2019,Russia,Biografia,14,20,"19.701,87",1.400
375,Organismo,Organismo,Inquieta,4/25/2019,Brasil,Drama,16,9,"19.647,47",1.674
376,Beatriz,Beatriz,Anagrama Filmes,6/6/2019,Brasil,Drama,16,11,"19.193,39",1.200
377,O homem ideal?,M?esperarás?,Fênix Filmes,10/3/2019,Espanha,Comédia,12,13,"19.006,55",1.225
378,A resistência de Inga,Héraðið,Imovision,11/28/2019,Islândia / Dinamarca / Alemanha / França,Drama,14,6,"18.938,43",1.140
379,Tunga - O esquecimento das paixões,Tunga - O esquecimento das paixões,CUP Filmes,5/9/2019,Brasil,Documentário,18,7,"18.770,80",1.707
380,Asako I & II,Netemo sametemo,Zeta Filmes,12/20/2018,Japão,Drama,12,8,"18.735,75",1.440
381,Espírito jovem,Teen spirit,Diamond Films,6/20/2019,Inglaterra/EUA,Musical,12,27,"18.391,69",1.238
382,Ayka,Ayka,Zeta Filmes,4/11/2019,Rússia/Alemanha/Polônia/Cazaquistão/China,Drama,14,3,"18.252,39",1.431
383,O olho e a faca,O olho e a faca,California,6/27/2019,Brasil,Drama,16,14,"18.106,29",1.155
384,Frans Krajcberg: Manifesto,Frans Krajcberg: Manifesto,Distribuição Própria,10/10/2019,Brasil,Documentário,Livre,8,"17.707,47",1.715
385,Jorginho Guinle - $ó se vive uma vez,Jorginho Guinle - $ó se vive uma vez,Pandora,3/21/2019,Brasil,Biografia,14,4,"17.406,71",961
386,O filho do homem,O filho do homem,Elo Company,8/29/2019,Brasil,Drama,14,25,"17.197,96",1.646
387,Alaska,Alaska,Elo Company,3/21/2019,Brasil,Drama,14,22,"16.909,70",2.199
388,O enigma da rosa,Bajo la rosa,Elite Filmes/A2 Filmes,10/17/2019,Espanha,Suspense,16,8,"16.738,08",1.134
389,O amigo do rei,O amigo do rei,O2 Play,8/8/2019,Brasil,Documentário,12,14,"16.702,60",1.341
390,O clube dos canibais,O clube dos canibais,Olhar Distribuição,10/3/2019,Brasil,Terror,18,16,"16.567,30",1.786
391,Animais fantásticos - Os crimes de Grindelwald,Fantastic beasts - The crimes of Grindelwald,Warner,11/15/2018,EUA/ Reino Unido,Aventura,12,1.541,"16.542,72",1.105
392,Gorillaz: Reject False Icons,Gorillaz: Reject False Icons,Distribuição Própria,12/12/2019,Reino Unido,Documentário,14,15,"16.439,34",727
393,Amor assombrado,Amor assombrado,Film Connection,10/10/2019,Brasil,Drama,12,35,"16.067,46",1.142
394,"Rogéria, senhor Astolfo Barroso Pinto","Rogéria, senhor Astolfo Barroso Pinto",Pagu Pictures,10/31/2019,Brasil,Documentário,14,12,"15.550,34",981
395,Yara,Yara,Zeta Filmes,1/10/2019,Libano / Iraque / França,Drama,Livre,4,"15.435,62",1.079
396,De peito aberto,De peito aberto,Pagu Pictures,10/3/2019,Brasil,Documentário,10,18,"15.306,57",869
397,Inezita,Inezita,Distribuição Própria,3/28/2019,Brasil,Documentário,10,5,"14.915,94",859
398,Tsé,Tsé,Pagu Pictures,9/12/2019,Brasil,Documentário,10,9,"14.908,44",831
399,Diários de classe,Diários de classe,Elo Company,3/7/2019,Brasil,Documentário,12,23,"14.502,56",1.745
400,Eu sou brasileiro,Eu sou brasileiro,Elo Company,8/15/2019,Brasil,Drama,10,30,"14.237,90",1.502
401,O corpo é nosso,O corpo é nosso,O2 Play,9/5/2019,Brasil,Documentário,14,18,"14.135,42",1.226
402,Meu nome é Daniel,Meu nome é Daniel,Olhar Distribuição,10/17/2019,Brasil,Documentário,12,16,"14.131,65",1.581
403,Diamantino,Diamantino,Vitrine Filmes,12/20/2018,França/Brasil/portugal,Drama,14,16,"13.987,35",1.038
404,Horácio,Horácio,O2 Play,4/11/2019,Brasil,Comédia - Dramática,16,13,"13.857,50",821
405,Inferninho,Inferninho,Embaúba Filmes,5/23/2019,Brasil,Comédia - Dramática,12,10,"13.360,81",1.063
406,A quarta parede,A quarta parede,Elo Company,5/9/2019,Brasil,Drama,12,24,"13.336,05",1.551
407,Uma noite não é nada,Uma noite não é nada,Imovision,8/22/2019,Brasil,Drama,18,12,"13.290,13",888
408,Uma viagem inesperada,Viaje inesperado,Boulevard Filmes,3/28/2019,Argentina/ Brasil,Drama,14,13,"12.722,28",926
409,Luna,Luna,Cineart Filmes,10/10/2019,Brasil,Drama,14,14,"12.607,60",1.050
410,B.O.,B.O.,Raccord Produções,5/9/2019,Brasil,Comédia,14,6,"12.505,43",814
411,O incerto lugar do desejo,O incerto lugar do desejo,Elo Company,9/26/2019,Brasil,Documentário,12,1,"12.013,00",675
412,Homem livre,Homem livre,Olhar Distribuição,2/21/2019,Brasil,Drama,14,8,"10.939,72",1.163
413,Dois papas,The two popes,O2 Play,12/5/2019,Reino Unido / Itália / Argentina / EUA,Drama,12,2,"10.604,00",657
414,Tinta bruta,Tinta bruta,Vitrine Filmes,12/6/2018,Brasil,Drama,18,31,"10.349,58",1.144
415,Ainda temos a imensidão da noite,Ainda temos a imensidão da noite,Pandora,12/5/2019,Brasil,Drama,16,12,"10.158,87",697
416,Fourteen,Fourteen,Zeta Filmes,8/15/2019,EUA,Drama,12,5,"10.073,22",607
417,Diz a ela que me viu chorar,Diz a ela que me viu chorar,Vitrine Filmes,11/14/2019,Brasil,Documentário,16,11,"10.072,71",1.266
418,O Grande Circo Místico,O Grande Circo Místico,H2O Films,11/15/2018,Brasil/ Portugal,Drama,16,106,"9.941,87",701
419,Relatos do front - Fragmentos de uma tragédia brasileira,Relatos do front - Fragmentos de uma tragédia brasileira,Art House Movies,6/20/2019,Brasil,Documentário,14,7,"9.911,23",917
420,A princesa de Elymia,A princesa de Elymia,Panda Filmes,10/10/2019,Brasil,Animação,12,19,"9.793,75",790
421,De repente uma familia,Instant family,Paramount,11/29/2018,EUA,Comédia,12,429,"9.654,21",513
422,Abaixo a gravidade,Abaixo a gravidade,Fênix Filmes,8/1/2019,Brasil,Drama,16,11,"9.475,32",633
423,Dias vazios,Dias vazios,Olhar Distribuição,5/30/2019,Brasil,Drama,16,16,"9.348,22",539
424,As ineses,Las Ineses,Okna Produções,2/14/2019,Argentina/ Brasil,Comédia,10,6,"9.292,99",637
425,Eleições,Eleições,Olhar Distribuição,3/14/2019,Brasil,Documentário,12,6,"9.277,09",1.288
426,Lembro mais dos corvos,Lembro mais dos corvos,Vitrine Filmes,2/21/2019,Brasil,Documentário,14,13,"8.703,26",1.161
427,45 dias sem você,45 dias sem você,O2 Play,5/16/2019,Brasil,Comédia - Dramática,16,3,"8.591,99",835
428,Wajib - Um convite de casamento,Wajib,Distribuição Própria,1/24/2019,Palestina,Drama,12,0,"8.506,67",473
429,Depois do fim,Depois do fim,Lança Filmes,6/20/2019,Brasil,Documentário,Livre,2,"8.393,12",749
430,Foro íntimo,Foro íntimo,Embaúba Filmes,9/26/2019,Brasil,Drama,12,6,"8.280,03",660
431,A noite amarela,A noite amarela,Vitrine Filmes,10/10/2019,Brasil,Terror,12,13,"8.249,79",1.032
432,Os jovens Baumann,Os jovens Baumann,Vitrine Filmes,9/19/2019,Brasil,Drama,12,15,"8.104,40",1.155
433,Histórias estranhas,Histórias estranhas,Elo Company,5/23/2019,Brasil,Terror,16,24,"8.071,74",791
434,The cleaners,The cleaners,Distribuição Própria,3/28/2019,Alemanha/ Brasil,Documentário,16,2,"7.749,30",420
435,Antártica por um ano,Antártica por um ano,EH Filmes,5/16/2019,Brasil,Documentário,Livre,7,"7.316,65",423
436,Bio - Construindo uma vida,Bio - Construindo uma vida,Bretz Filmes,4/4/2019,Brasil,Drama,14,10,"7.295,32",390
437,Meu amor por Grace,Running for Grace,Elite Filmes/A2 Filmes,9/26/2019,EUA,Romance,12,6,"7.219,11",439
438,Entrevista com Deus,An interview with God,Imagem,11/15/2018,Ucrânia/ Holanda,Drama,Livre,249,"7.154,57",617
439,A turma do Pererê.doc,A turma do Pererê.doc,O2 Play,10/3/2019,Brasil,Documentário,10,13,"6.890,34",762
440,Rasga coração,Rasga coração,Sony,12/6/2018,Brasil,Drama,16,32,"6.707,25",400
441,Leste Oeste,Leste Oeste,Kinopus,8/8/2019,Brasil,Drama,14,10,"6.587,88",499
442,Alex câmera 10,Alex câmera 10,Moro Filmes,10/24/2019,Brasil,Documentário,Livre,12,"6.551,89",482
443,O homem que cuida,El hombre que cuida,Esfera,10/3/2019,República Dominicana/ Porto Rico/ Brasil,Drama,16,10,"6.504,83",422
444,Espero tua (re)volta,Espero tua (re)volta,Taturana Mobilização Social,8/15/2019,Brasil,Documentário,14,2,"6.440,68",581
445,A música do tempo - Do sonho do império ao império do sonho,A música do tempo - Do sonho do império ao império do sonho,Distribuição Própria,9/12/2019,Brasil,Documentário,Livre,6,"6.416,06",453
446,Uruguai na vanguarda,Uruguai na vanguarda,Distribuição Própria,9/19/2019,Brasil,Documentário,12,2,"6.363,66",466
447,Primeiro ano,Première année,A2 Filmes,4/11/2019,França,Drama,12,6,"6.327,85",529
448,Shade - Entre bruxas e heróis,Zlogonje,Cineart Filmes,1/24/2019,Sérvia,Aventura,12,10,"6.296,32",454
449,Encantado,Charming,Imagem,12/6/2018,Canadá/ EUA,Animação,Livre,602,"6.239,31",791
450,Palace II - 3 quartos com vista para o mar,Palace II - 3 quartos com vista para o mar,Pagu Pictures,7/18/2019,Brasil,Documentário,12,3,"5.714,23",290
451,O verde está do outro lado - Os donos da água,O verde está do outro lado - Os donos da água,Lira Filmes,8/22/2019,Brasil/ Chile,Documentário,10,9,"5.637,70",364
452,Ultraje,Ultraje,Elo Company,1/31/2019,Brasil,Documentário,12,26,"5.631,60",620
453,Vergel,Vergel,Art House Movies,2/7/2019,Argentina/ Brasil,Drama,16,5,"5.489,29",383
454,As cores da serpente,As cores da serpente,Salvador Filmes,3/21/2019,Angola,Documentário,12,4,"5.479,87",303
455,Um segredo em Paris,Drôles d'oiseaux,Pagu Pictures,11/15/2018,França,Comédia,12,25,"5.359,23",503
456,Meu mundial - Para vencer não basta jogar,Meu mundial - Para vencer não basta jogar,Bretz Filmes,9/19/2019,Uruguai,Drama,12,12,"5.198,75",331
457,Aconteceu na quarta-feira,Aconteceu na quarta-feira,Distribuição Própria,4/11/2019,Brasil,Comédia,14,1,"5.186,57",437
458,A serpente,A serpente,Distribuição Própria,7/25/2019,Brasil,Drama,12,2,"5.184,73",344
459,Onde quer que você esteja,Onde quer que você esteja,Boulevard Filmes,10/3/2019,Brasil,Drama,10,9,"5.159,76",361
460,Western stars,Western stars,Warner,12/5/2019,EUA,Documentário,10,25,"5.156,90",332
461,Zoravia,Zoravia,Distribuição Própria,3/28/2019,Brasil,Documentário,,1,"5.140,25",334
462,Aspirantes,Aspirantes,Ciclorama Filmes,11/28/2019,Brasil,Drama,14,11,"4.955,52",338
463,Intruso,Intruso,Pipa Produções,10/31/2019,Brasil,Suspense,12,10,"4.901,59",377
464,A pedra da serpente,A pedra da serpente,Elo Company,2/14/2019,Brasil,Ficção-científica,14,26,"4.821,80",551
465,Rindo à toa,Rindo à toa,Bretz Filmes,5/30/2019,Brasil,Documentário,14,10,"4.785,83",291
466,Um elefante sentado quieto,Da xiang xi di er zuo,Zeta Filmes,2/28/2019,China,Drama,14,2,"4.494,48",228
467,As viúvas,Widows,Fox,11/29/2018,EUA,Suspense,16,253,"4.375,66",271
468,Borrasca,Borrasca,Fênix Filmes,5/2/2019,Brasil,Drama,14,8,"4.358,11",767
469,Amor em jogo,Kicking out Shoshana,Elite Filmes/A2 Filmes,10/31/2019,Israel,Comédia,14,3,"4.275,30",257
470,Marés,Marés,Elo Company,9/12/2019,Brasil,Drama,16,22,"4.271,60",593
471,Neville D'Almeida - Cronista da beleza e do caos,Neville D'Almeida - Cronista da beleza e do caos,Fênix Filmes,7/4/2019,Brasil,Documentário,18,7,"4.193,46",303
472,A parte do mundo que me pertence,A parte do mundo que me pertence,Olhar Distribuição,5/9/2019,Brasil,Documentário,14,3,"4.184,03",286
473,Os caipiras em busca de um sonho,Os caipiras em busca de um sonho,Distribuição Própria,11/21/2019,Brasil,Comédia,Livre,1,"3.970,00",250
474,Zaatari - Memórias do labirinto,Zaatari - Memories of the labyrinth,Independente,5/30/2019,Brasil/Argentina,Documentário,12,2,"3.893,74",206
475,O Quebra-Nozes e os quatro reinos,The Nutcracker and the four realms,Disney,11/1/2018,EUA,Aventura,Livre,835,"3.794,88",419
476,Ambiente familiar,Ambiente familiar,Elo Company,9/26/2019,Brasil,Drama,12,24,"3.676,29",385
477,O último trago,O último trago,Lume,3/7/2019,Brasil,Drama,14,5,"3.612,57",296
478,Museu,Museo,Supo Mungam Films,11/8/2018,México,Drama,16,27,"3.140,00",306
479,Fernando,Fernando,Olhar Distribuição,11/28/2019,Brasil,Documentário,12,4,"3.040,00",182
480,O quebra-cabeça,Puzzle,Sony,11/15/2018,EUA,Drama,12,13,"2.977,50",191
481,Dê lembranças a todos - Dorival Caymmi,Dê lembranças a todos - Dorival Caymmi,Maff Distribuidora,11/22/2018,Brasil,Documentário,10,1,"2.874,50",307
482,Um homem comum,An ordinary man,Mares Filmes/A2 Filmes,11/29/2018,EUA/ Sérvia,Suspense,14,28,"2.862,66",277
483,A rosa azul de novalis,A rosa azul de novalis,Vitrine Filmes,12/19/2019,Brasil,Documentário,18,8,"2.772,64",457
484,Po,A boy called Po,Cineart Filmes,11/22/2018,EUA,Drama,10,8,"2.665,00",258
485,A prece,La prière,Imovision,11/8/2018,França,Drama,14,4,"2.594,00",231
486,Espírito de contradição,Espírito de contradição,Distribuição Própria,10/31/2019,Brasil,Documentário,Livre,0,"2.591,00",257
487,O primeiro homem,First man,Universal,10/18/2018,Ucrânia/ Holanda,Drama,12,468,"2.584,05",277
488,A garota na névoa,La ragazza nella nebbia,Mares Filmes/A2 Filmes,11/8/2018,Itália,Suspense,12,5,"2.425,00",268
489,Os príncipes,Os príncipes,Distribuição Própria,10/24/2019,Brasil,Drama,14,1,"2.320,21",133
490,Tudo por um popstar,Tudo por um popstar,DTF/Paris,10/11/2018,Brasil,Comédia,Livre,577,"2.274,98",209
491,Cinderela e o príncipe secreto,Cinderella 3D,Imagem,10/11/2018,EUA,Animação,Livre,323,"2.262,38",122
492,Novas espécies,Novas espécies,Elo Company,11/28/2019,Brasil,Documentário,Livre,2,"2.047,74",106
493,Um dia para Susana,Um dia para Susana,Vitrine Filmes,10/3/2019,Brasil,Documentário,10,3,"1.998,56",124
494,Carta registrada,Certified mail,A2 Filmes,12/19/2019,Egito,Drama,12,6,"1.943,02",135
495,Cine São Paulo,Cine São Paulo,Taturana Mobilização Social,11/7/2019,Brasil,Documentário,Livre,2,"1.826,00",127
496,2 outonos e 3 Invernos,2 automnes 3 hivers,Fênix Filmes,12/6/2018,França,Comédia,14,3,"1.788,00",149
497,Minha filha,Figlia mia,Imovision,10/11/2018,Itália,Drama,14,18,"1.712,00",159
498,A cabeça de Gumercindo Saraiva,A cabeça de Gumercindo Saraiva,Elo Company,10/25/2018,Brasil,Drama,12,22,"1.676,00",178
499,A voz do silêncio,A voz do silêncio,Imovision,11/22/2018,Brasil,Drama,16,20,"1.588,00",215
500,Teatros no Brasil,Teatros no Brasil,Distribuição Própria,8/22/2019,Brasil,Documentário,Livre,6,"1.524,49",90
501,Blitz,Blitz,Pandora,6/27/2019,Brasil,Drama,14,1,"1.461,00",138
502,Amigos alienígenas,Luis and the aliens,Playarte,10/25/2018,Alemanha/ Dinamarca,Animação,Livre,185,"1.452,85",143
503,Vida em movimento,Vida em movimento,Distribuição Própria,3/28/2019,Brasil,Documentário,Livre,1,"1.398,00",71
504,Elegia de um crime,Elegia de um crime,Vitrine Filmes,3/14/2019,Brasil,Documentário,14,0,"1.392,24",132
505,Jessica forever,Jessica forever,Zeta Filmes,10/10/2019,França,Drama,16,3,"1.361,79",95
506,Utøya - 22 de julho,U - July 22,California,11/29/2018,Noruega,Drama,16,5,"1.342,86",129
507,A casa que Jack construiu,The house that Jack built,California,11/1/2018,Dinamarca/ França,Terror,18,36,"1.308,00",206
508,Verão,Leto,Imovision,11/15/2018,Russia,Biografia,14,13,"1.296,00",108
509,O chalé é uma ilha batida de vento e chuva,O chalé é uma ilha batida de vento e chuva,Bretz Filmes,4/4/2019,Brasil,Documentário,Livre,1,"1.274,86",77
510,Mama colonel,Maman Colonelle,Vilacine,11/7/2019,Congo / França,Documentário,14,5,"1.240,45",88
511,Fogo contra fogo,Kalushi - The story of Solomon Mahlangu,Elite Filmes/A2 Filmes,11/21/2019,África do Sul,Biografia,16,6,"1.224,90",120
512,O ódio que você semeia,The hate u give,Fox,12/6/2018,EUA,Drama,14,17,"1.194,42",123
513,Filme paisagem - Um olhar sobre Roberto Burle Marx,Filme paisagem - Um olhar sobre Roberto Burle Marx,Elo Company,11/15/2018,Brasil,Documentário,Livre,5,"1.095,64",73
514,Caminhos magnétykos,Caminhos magnétykos,Esfera,9/26/2019,Portugal/França/Brasil,Drama,14,3,"1.081,51",74
515,Estação do diabo,Ang panahon ng halimaw,Zeta Filmes,1/31/2019,Filipinas,Musical,,1,"1.075,95",89
516,António um dois três,António um dois três,Olhar Distribuição,3/28/2019,Portugal,Drama,14,1,"991,02",92
517,Slam - Voz de levante,Slam - Voz de levante,Pagu Pictures,11/22/2018,Brasil/ EUA,Documentário,12,10,"975,00",100
518,Ama-san,Ama-san,Terratreme,1/10/2019,Portugal,Documentário,Livre,0,"965,03",60
519,O irlandês,The Irishman,O2 Play,11/14/2019,EUA,Drama,16,0,"951,40",48
520,A mata negra,A mata negra,Distribuição Própria,12/6/2018,Brasil,Terror,16,23,"914,00",119
521,Diante dos meus olhos,Diante dos meus olhos,Pique-Bandeira Filmes,12/5/2019,Brasil,Documentário,12,2,"905,00",64
522,Exterminadores do além - Contra a loira do banheiro,Exterminadores do além - Contra a loira do banheiro,Galeria Distribuidora,11/29/2018,Brasil,Comédia,16,349,"806,74",129
523,Henfil,Henfil,O2 Play,12/6/2018,Brasil,Documentário,12,24,"706,48",105
524,Excelentíssimos,Excelentíssimos,Vitrine Filmes,11/22/2018,Brasil,Documentário,Livre,3,"690,00",139
525,Meu tricolor de aço,Meu tricolor de aço,Estação Luz Filmes,12/6/2018,Brasil,Documentário,Livre,17,"649,06",50
526,Intimidade entre estranhos,Intimidade entre estranhos,Galeria Distribuidora,12/13/2018,Brasil,Drama,14,44,"564,00",47
527,Liberdade é uma grande palavra,Liberdade é uma grande palavra,Elo Company,12/5/2019,Brasil / Uruguai,Documentário,12,0,"322,56",41
528,O fio da meada,O fio da meada,Distribuição Própria,9/26/2019,Brasil,Ação,14,1,"186,86",14
529,A palavra,A palavra,California,3/7/2019,Brasil,Drama,Livre,0,"62,72",15
,,,,,,,,,,
,,,,,,,,,,
,,,,,,,,,,
,,,,,,,,,,
,,,,,,,,,"2.798.274.902,43",177.317.232
,,,,,,,,,,
,,,,,,,,,,
,,,,,,,,,,
,André Rieu - Vamos dançar?,Shall We Dance?,Distribuição Própria,11/7/2019,Holanda,Musical,Livre,51,"60.240,26",2.616
,BTS - Bring The Soul: The Movie,BTS - Bring The Soul: The Movie,Cinemark,8/7/2019,Coréia do Sul,Musical,12,753,"2.006.755,38",101.241
,BTS - Burn The Stage: The Movie,BTS - Burn The Stage: The Movie,Cinemark,11/15/2018,Coréia do Sul,Documentário,10,0,"298,53",7
,BTS - Love Yourself Tour In Seoul,BTS - Love Yourself Tour In Seoul,Cinemark,1/26/2019,Coréia do Sul,Musical,12,818,"1.508.330,54",64.485
,Roger Waters: Us Plus Them,Roger Waters: Us Plus Them,Cinemark,10/3/2019,EUA,Musical,10,1,"153.288,74",7.085
,Madonna + The Breakfast Club,Madonna + The Breakfast Club,Cinemark,8/16/2019,EUA,Documentário,,42,"24.736,30",1.183
,Metallica & San Francisco Symphony: S&M2,Metallica & San Francisco Symphony: S&M2,Distribuição Própria,10/9/2019,EUA,Musical,12,292,"318.980,39",15.853
,Slayer: The Repentless Killogy,Slayer: The Repentless Killogy,Distribuição Própria,11/6/2019,EUA,Musical,12,43,"44.274,22",2.181
,Kanye: Jesus Is King,Kanye: Jesus Is King,Imax,11/28/2019,EUA,Musical,Livre,7,"36.535,36",1.494
,Soundgarden: Live from the Artists Den,Soundgarden: Live from the Artists Den,Imax,7/1/2019,EUA,Musical,,37,"8.833,71",307
,Roberto Carlos em Jerusalém,Roberto Carlos em Jerusalém,H2O Films,12/2/2019,Brasil,Musical,Livre,172,"1.397.146,96",72.577
,Aparecida - Um Musical,Aparecida - Um Musical,Distribuição Própria,10/12/2019,Brasil,Musical,Livre,93,"25.018,18",1.525
,,,,,,,,,,
,Anima Mundi 2019,Anima Mundi 2019,Festivais,7/17/2019,Brasil,Alternativo,,36,"30.821,56",3.235
,Festivais e Mostras 2017,Festivais e Mostras 2017,Festivais,1/1/2017,Brasil,Diversos,,0,"31.320,93",937
,Festivais e Mostras 2018,Festivais e Mostras 2018,Festivais,1/1/2018,Brasil,Diversos,,0,"56.817,64",6.007
,Festivais e Mostras 2019,Festivais e Mostras 2019,Festivais,1/3/2019,Brasil,Diversos,,0,"1.063.187,64",69.190
,Festival do Rio,Festival do Rio,Festivais,9/1/2010,Brasil,,,0,"479,71",49
,Festival do Rio 2018,Festival do Rio 2018,Festivais,11/1/2018,Brasil,Diversos,,0,"91.913,32",5.576
,Festival do Rio 2019,Festival do Rio 2019,Festivais,12/9/2019,Brasil,Diversos,,22,"128.103,90",12.893
,Festival é tudo verdade 2019,Festival é tudo verdade 2019,Distribuição Própria,4/4/2019,Brasil,Diversos,,0,"17,07",4.242
,Festival Hell de Janeiro 2019,Festival Hell de Janeiro 2019,Distribuição Própria,9/19/2019,Brasil,Horror,,5,"5.484,20",354
,Festival Internacional de Curitiba 2019,Festival Internacional de Curitiba 2019,Independente,6/5/2019,Brasil,,,3,"42.428,55",6.756
,Festival Italiano 2018,Festival Italiano 2018,Distribuição Própria,7/5/2018,Itália,Diversos,,0,"6.236,10",396
,Festival Italiano 2019,Festival Italiano 2019,Festivais,8/8/2019,Itália,Diversos,,19,"103.243,35",9.440
,Festival MIMO 2019,Festival MIMO 2019,Distribuição Própria,11/28/2019,Brasil,Musical,Livre,1,"0,00",1.038
,FICI 2019 - Fest. Int. Cin. Inf.,FICI 2019 - Fest. Int. Cin. Inf.,FICI - Fest. Int. Cin. Inf.,10/18/2019,Brasil,Infantil,Livre,3,"12.285,00",1.033
,"FIM - Festival int, mulheres no cinema","FIM - Festival int, mulheres no cinema",Distribuição Própria,7/4/2018,Brasil,Diversos,,0,"177,69",11
,Mostra Aventuras do Cinema Mudo,Mostra Aventuras do Cinema Mudo,Distribuição Própria,9/19/2019,Brasil,Diversos,,9,"1.585,16",200
,Mostra Cinema Negro 2019,Mostra Cinema Negro 2019,Distribuição Própria,10/23/2019,Brasil,Diversos,,0,"5.059,23",3.562
,41ª Mostra Internacional de Cinema SP 2017,41ª Mostra Internacional de Cinema SP 2017,Festival Filmes,10/20/2017,Brasil,Diversos,,0,"613,36",84
,43ª Mostra Internacional de Cinema SP 2019,43ª Mostra Internacional de Cinema SP 2019,Distribuição Própria,10/17/2019,Brasil,Diversos,,67,"508.559,83",47.431
,Mostra Internacional SP,Mostra Internacional SP,Festivais,10/22/2010,Brasil,,,0,"4.077,84",296
,,,,,,,,,,
,,,,,,,,,,
,Balé 2018,Balé 2018,Distribuição Própria,1/1/2018,Brasil,Balé,,0,"3.099,14",146
,Balé 2019,Balé 2019,Distribuição Própria,1/1/2019,Brasil,Balé,,0,"146.695,71",6.491
,Dom Quixote (Balé),Dom Quixote (Balé),Mobz,1/1/2011,Brasil,Alternativo,,0,"34.682,69",1.585
,Óperas,Óperas,Mobz,1/1/2007,Brasil,Musical,10,0,"4.039,89",293
,Ópera na tela 2018,Ópera na tela 2018,Distribuição Própria,1/1/2018,Brasil,Ópera,,0,"781,44",64
,Ópera na tela 2019,Ópera na tela 2019,Distribuição Própria,2/1/2019,Brasil,Ópera,,0,"13.986,10",956
,,,,,,,,,,
,"Iluminado, O",The Shining,Park Circus,10/29/2019,EUA,Terror,,133,"96.849,77",7.477
,De volta para o futuro,Back to the Future,Park Circus,2/28/2015,EUA,Aventura,,77,"27.914,50",2.422
,Pulp Fiction - tempo de violência, Pulp Fiction,Park Circus,6/22/2016,EUA,Policial,,14,"15.651,63",2.172
,Indiana Jones e Os Caçadores da Arca Perdida,Indiana Jones and the Raiders of the Lost Ark,Park Circus,6/4/2015,EUA,Aventura,,56,"7.389,18",1.184
,"Carlota Joaquina, Princesa do Brasil","Carlota Joaquina, Princesa do Brasil",Park Circus,10/8/2015,Brasil,Drama,,52,"4.084,00",1.021
,"Exterminador do Futuro, O",The Terminator,Park Circus,1/1/2014,EUA,Ficção-científica,,0,"530,00",53
,Thelma & Louise,Thelma & Louise,Park Circus,3/31/2016,EUA,Comédia,,100,"405,00",135
,Psicose,Psycho,Park Circus,1/31/2015,EUA,Suspense,,84,"324,86",74
,Matrix,Matrix,Warner,10/17/2015,EUA,Ação,,70,"277.165,13",18.547
,,,,,,,,,,
,Friends - Festival 25 anos,Friends 25th The One With The Anniversary,Warner,10/14/2019,EUA,Comédia,12,301,"407.967,61",30.793
,,,,,,,,,,
,"Gloob Apresenta: Miraculous, as Aventuras de Ladybug","Miraculous, les aventures de Ladybug et Chat Noir",Cinemark,8/24/2019,França,Animação,Livre,51,"196.839,10",10.665
,,,,,,,,,,
,,,,,,,,,,
,Show / Esporte,Show / Esporte,Show/Esporte,1/1/2012,,,,0,"57.488,46",5.805
,League of Legends 2019,League of Legends 2019,Distribuição Própria,11/10/2019,Brasil,Jogos,Livre,38,"16.875,48",647
,Super Bowl 2019,Super Bowl 2019,Distribuição Própria,2/3/2019,EUA,Esporte,Livre,265,"374.774,51",10.173
,Final da Copa Libertadores 2019,Final da Copa Libertadores 2019,Esporte,11/23/2019,Brasil,Evento Esportivo,Livre,78,"295.100,07",8.274
,Final UEFA 2019,Final UEFA 2019,Distribuição Própria,6/1/2019,Brasil,Evento Esportivo,Livre,439,"605.717,82",17.085
,,,,,,,,,,
,,,,,,,,,"10.265.212,74",569.346