Pos,Filme,Distribuidor,País,Data Estr.,Sala E.,Cine E.,Sem,Semana
1,Homem-Aranha - Sem volta para casa,Sony,EUA,12/16/2021,2.974,709,3,11.962.988
2,Velozes e furiosos 9,Universal,EUA,6/24/2021,2.041,585,26,4.258.157
3,Eternos,Disney,EUA,11/4/2021,2.158,666,9,4.156.487
4,Venom - Tempo de carnificina,Sony,EUA,10/7/2021,1.867,614,12,4.088.242
5,Shang-Chi e a lenda dos dez anéis,Disney,EUA,9/2/2021,1.728,637,14,2.227.412
6,Viúva Negra,Disney,EUA,7/8/2021,1.699,565,25,2.010.901
7,Invocação do mal 3 - A ordem do demônio,Warner,EUA,6/3/2021,1.239,480,28,1.845.058
8,"Esquadrão Suicida, O",Warner,EUA,8/5/2021,1.745,668,16,1.395.871
9,Encanto,Disney,EUA,11/25/2021,1.259,622,6,1.320.414
10,Mulher-Maravilha 1984,Warner,EUA,12/17/2020,2.034,546,52,1.156.434
11,007 - Sem tempo para morrer,Universal,EUA,9/30/2021,1.894,641,13,1.097.031
12,Space jam - Um novo legado,Warner,EUA,7/15/2021,976,598,25,913.775
13,"Croods 2 - Uma nova era, Os",Universal,EUA,7/1/2021,1.151,579,26,859.242
14,Duna,Warner,Canadá,10/21/2021,1.047,621,11,827.087
15,Godzilla vs Kong,Warner,EUA,5/6/2021,1.011,431,25,802.118
16,Patrulha Canina - O filme,Paramount,EUA,9/9/2021,826,495,15,777.949
17,"Poderoso chefinho 2 - Negócios da família, O",Universal,EUA,8/12/2021,1.188,662,20,708.621
18,"Família Addams 2 - Pé na estrada, A",Universal,EUA,10/28/2021,1.056,637,8,705.443
19,Matrix Resurrections,Warner,EUA,12/22/2021,788,561,3,642.231
20,"Lugar silencioso - Parte II, Um",Paramount,EUA,7/22/2021,1.165,569,10,618.992
21,Cruella,Disney,EUA,5/27/2021,825,351,29,606.694
22,Tom & Jerry - O filme,Warner,EUA,2/18/2021,1.148,577,42,506.526
23,Ghostbusters - Mais além (2021),Sony,EUA,11/18/2021,1.204,562,6,503.237
24,Free Guy - Assumindo o controle,Disney,EUA,8/19/2021,1.084,570,17,461.667
25,Harry Potter e a pedra filosofal,Warner,EUA,11/23/2001,0,0,0,430.756
26,Casa Gucci,Universal,EUA,11/25/2021,709,483,6,424.424
27,Halloween kills - O terror continua,Universal,EUA,10/14/2021,787,601,6,419.596
28,Marighella,DT/Paris,Brasil,11/4/2021,340,281,9,319.541
29,Rogai por nós,Sony,EUA,5/6/2021,453,314,8,294.205
30,Jungle Cruise,Disney,EUA,7/29/2021,835,501,17,289.304
31,Resident Evil - Bem-vindo a Raccoon City,Sony,EUA,12/2/2021,739,555,5,282.658
32,Pinóquio (2021),Imagem,Itália,1/21/2021,550,407,20,271.607
33,Legado explosivo,Imagem/California,EUA,1/7/2021,574,418,19,266.632
34,Mortal Kombat,Warner,Canadá,5/20/2021,919,488,10,257.811
35,Maligno,Warner,EUA,9/9/2021,857,563,5,255.075
36,Infiltrado,Imagem,EUA,8/26/2021,685,461,7,249.637
37,Ron bugado,Disney,EUA,10/21/2021,855,505,7,239.857
38,"Homem nas trevas 2, O",Sony,EUA,8/12/2021,707,454,8,224.080
39,Monster Hunter,Sony,EUA,2/25/2021,743,438,12,190.998
40,Clifford - O gigante cão vermelho,Paramount,EUA,12/2/2021,540,427,5,189.741
41,Escape room 2 - Tensão máxima,Sony,EUA,9/16/2021,649,481,5,185.771
42,Tempo,Universal,EUA,7/29/2021,499,374,16,177.716
43,After - Depois do desencontro (2021),Diamond/Galeria,EUA,9/2/2021,645,523,6,170.186
44,Pedro Coelho 2 - O fugitivo,Sony,EUA,8/26/2021,734,505,16,168.234
45,Ainbo - A guerreira da Amazônia,Paris,Peru,9/30/2021,504,373,13,148.816
46,"Casa sombria, A",Disney,EUA,9/23/2021,547,385,6,133.181
47,Trolls 2,Universal,EUA,12/3/2020,728,453,15,132.859
48,Espiral - O legado de Jogos Mortais,Paris,EUA,6/17/2021,499,382,4,118.791
49,Spirit - O indomável,Universal,EUA,6/10/2021,564,438,24,110.571
50,"Lenda de Candyman, A",Universal,EUA,8/26/2021,546,400,10,107.060
51,"Mensageiro do último dia, O",Disney,EUA,1/14/2021,268,228,16,103.451
52,"Viúva das sombras, A",Paris,Rússia,3/4/2021,398,324,19,97.264
53,Espíritos obscuros,Disney,EUA,10/28/2021,417,296,6,95.107
54,Deus não está morto - O próximo capítulo,California,EUA,11/11/2021,325,252,6,89.137
55,Mate ou morra,Imagem,EUA,9/16/2021,540,442,7,89.086
56,Raya e o último dragão,Disney,EUA,3/4/2021,373,254,41,88.289
57,Missão resgate,Imagem,EUA,12/9/2021,476,376,2,86.651
58,#Semsaída,Playarte,Reino Unido,2/11/2021,334,279,14,81.364
59,Demon Slayer - Mugen Train: O filme,Cinecolor,Japão,5/13/2021,386,275,10,80.467
60,"Tio quase perfeito 2, Um",H2O Films,Brasil,1/7/2021,436,321,9,78.015
61,"Sogra perfeita, A",DT/Paris,Brasil,11/25/2021,406,315,4,66.869
62,Fátima - A história de um milagre,Diamond/Galeria,EUA,10/14/2021,308,279,9,62.934
63,Mundo em caos,Paris,EUA,5/13/2021,405,321,6,61.178
64,"Último duelo, O",Disney,EUA,10/14/2021,328,282,6,59.345
65,Turma da Mônica - Lições,DT/Paris,Brasil,12/30/2021,968,553,1,59.176
66,Dupla explosiva 2 e a primeira-dama do crime,Paris,EUA,7/29/2021,411,334,8,58.713
67,Sapatinho vermelho e os sete anões,Paris,EUA,12/31/2020,518,404,12,55.967
68,Em guerra com o vovô,Diamond/Galeria,EUA,5/20/2021,461,271,5,54.920
69,Destruição final - O último refúgio,Diamond/Galeria,EUA,11/19/2020,532,418,24,54.631
70,King Richard - Criando campeãs,Warner,EUA,12/2/2021,358,289,5,52.072
71,"Noite de crime - A fronteira, Uma",Universal,EUA,9/2/2021,176,151,7,47.838
72,Noite passada em Soho,Universal,Reino Unido,11/18/2021,312,260,5,47.267
73,"Profissional, A",Imagem,EUA,11/11/2021,347,294,5,41.407
74,Estranho passageiro - Sputnik,Playarte,Rússia,1/21/2021,272,220,14,40.861
75,Nomadland,Disney,EUA,4/29/2021,128,108,24,33.454
76,Amizade maldita,Imagem,Canadá,12/3/2020,376,314,17,32.084
77,Caminhos da memória,Warner,EUA,8/19/2021,348,270,3,30.695
78,"Amor, sublime amor",Disney,EUA,12/9/2021,365,269,4,29.859
79,No ritmo do coração,Diamond,EUA,9/23/2021,396,342,5,27.751
80,"Crônica francesa, A",Disney,EUA,11/18/2021,58,47,7,27.540
81,Alice e Peter - Onde nascem os sonhos,Imagem,EUA,6/3/2021,274,227,4,27.517
82,Convenção das bruxas,Warner,EUA,11/19/2020,568,472,27,27.478
83,Aqueles que me desejam a morte,Warner,Canadá,5/27/2021,235,212,5,27.409
84,"Babá - O chamado das sombras, A",Playarte,Rússia,12/9/2021,185,156,3,26.602
85,Blackpink the movie,Distribuição Própria,Coréia do Sul,7/29/2021,154,144,3,26.276
86,Amarração do amor,DT/Paris,Brasil,10/14/2021,293,211,3,25.826
87,Scooby! O Filme,Warner,EUA,9/10/2020,110,89,66,25.206
88,"Abelhinha Maya - E o ovo dourado, A",Playarte,Alemanha,9/23/2021,492,361,8,24.555
89,Bela vingança,Universal,Reino Unido,5/13/2021,113,97,22,22.156
90,Meu pai,California,Reino Unido,4/8/2021,12,8,20,21.459
91,Família monstro 2,Paris,EUA,12/9/2021,346,271,4,19.885
92,Festival Varilux 2021,Festival Varilux,França,11/24/2021,2,2,5,18.262
93,"Pequenos vestígios, Os",Warner,EUA,4/22/2021,107,87,12,17.116
94,Lucicreide vai pra Marte,DT/Paris,Brasil,3/18/2021,51,45,8,15.004
95,Chernobyl: O filme - Os segredos do desastre,Paris,Rússia,11/18/2021,148,129,2,14.865
96,45ª Mostra Internacional de Cinema SP 2021,Distribuição Própria,Brasil,10/21/2021,14,8,9,14.710
97,Dois + dois,DT/Paris,Brasil,8/12/2021,193,163,3,14.504
98,Matrix (1999),Warner,EUA,10/17/2015,70,46,322,14.064
99,Quem vai ficar com Mário?,DT/Paris,Brasil,6/10/2021,174,131,7,13.858
100,Mostra-me o Pai,360 WayUp,EUA,12/2/2021,91,84,4,13.561
101,Depois a louca sou eu,DT/Paris,Brasil,2/25/2021,199,163,10,13.486
102,Querido Evan Hansen,Universal,EUA,11/11/2021,224,195,5,11.830
103,"Auto da boa mentira, O",Imagem,Brasil,4/29/2021,204,190,10,11.690
104,Em um bairro de Nova York,Warner,EUA,6/17/2021,188,167,6,10.739
105,"Lutar, lutar, lutar",Embaúba Filmes,Brasil,11/11/2021,24,22,8,10.587
106,Vigaristas em Hollywood,Paris,EUA,12/2/2021,250,198,2,10.424
107,Judas e o Messias Negro,Warner,EUA,2/25/2021,86,72,39,10.104
108,Freaky - No corpo de um assassino,Universal,EUA,12/10/2020,495,321,12,9.989
109,"Senhor dos anéis - A sociedade do anel, O",Warner,EUA/ Nova Zelândia/ Reino Unido,1/1/2002,0,0,0,9.146
110,"Mensageira, A",Playarte,Reino Unido,10/28/2021,95,83,2,7.619
111,Cry macho - O caminho para a redenção,Warner,EUA,9/16/2021,20,20,7,7.611
112,Veneza,Imagem,Brasil,6/17/2021,169,150,6,7.488
113,Festival do Rio 2021,Festivais,Brasil,12/9/2021,6,4,2,7.478
114,"3º andar - Terror na rua Malasana, O",Paris,Espanha,11/12/2020,390,326,24,7.102
115,"Dona do barato, A",Imovision,França,9/23/2021,19,19,8,6.923
116,Dente por dente,Vitrine Filmes,Brasil,1/28/2021,122,109,5,6.572
117,Pixinguinha - Um homem carinhoso,DT/Paris,Brasil,11/11/2021,90,70,5,5.996
118,Minari - Em busca da felicidade,Diamond/Galeria,EUA,4/22/2021,47,42,21,5.933
119,Doutor Gama,Elo Studios,Brasil,8/5/2021,11,10,16,5.592
120,"Melhores anos de uma vida, Os",Pandora Filmes,França,6/24/2021,27,25,16,5.392
121,"Homem que vendeu sua pele, O",Pandora Filmes,Tunísia,10/7/2021,16,16,9,5.359
122,4x100 - Correndo por um sonho,Imovision,Brasil,6/24/2021,28,24,4,5.115
123,Possessão - O último estágio,Playarte,EUA,3/13/2020,272,223,19,5.054
124,"Tradutores, Os",Imovision,França,10/28/2021,21,18,6,4.791
125,"Tempo com você, O",Cinecolor,Japão,1/14/2021,2,2,2,4.737
126,Bagdá vive em mim,Arteplex Filmes,Suíça,9/2/2021,18,18,9,4.709
127,"Chorona, A",Elite Filmes,Guatemala,9/23/2021,98,93,2,4.574
128,Não olhe para cima,O2 Play,EUA,12/9/2021,46,36,4,4.508
129,Piedade,Art House Movies,Brasil,8/5/2021,18,18,19,4.238
130,Monsta X - The dreaming,Distribuição Própria,Coréia do Sul,12/9/2021,107,103,1,4.159
131,Meu fim. Seu começo.,Arteplex Filmes,Alemanha,9/30/2021,19,19,9,3.905
132,Deserto particular,Pandora Filmes,Brasil,11/25/2021,18,18,6,3.880
133,Festivais e Mostras 2021,Festivais,Brasil,3/4/2021,1,1,42,3.879
134,"História de família, Uma",Arteplex Filmes,EUA,10/28/2021,14,12,10,3.736
135,De volta à Itália,California,Reino Unido,10/28/2021,23,20,4,3.664
136,Abe,DT/Paris,EUA,8/5/2021,31,27,4,3.589
137,Druk - Mais uma rodada,Vitrine/Synapse,Dinamarca,3/25/2021,5,5,20,3.484
138,Fale com as abelhas,Arteplex Filmes,Inglaterra,1/21/2021,21,18,26,3.417
139,Reação em cadeia,DT/Paris,Brasil,9/16/2021,115,93,2,3.217
140,Cidadãos do mundo,Imovision,Itália,9/9/2021,20,19,6,3.034
141,Garota da moto,DT/Paris,Brasil,9/23/2021,131,108,2,2.930
142,Encarcerados,Gullane Distribuidora,Brasil,8/26/2021,16,15,3,2.804
143,"Amor, casamentos e outros desastres",California,EUA,5/20/2021,23,20,30,2.796
144,"Janela para o mar, Uma",Imovision,Espanha,10/14/2021,16,14,11,2.575
145,"Boa esposa, A",California,França,6/17/2021,21,19,8,2.393
146,Oasis Knebworth 1996,Distribuição Própria,EUA,9/23/2021,59,53,1,2.323
147,Tenet,Warner,Inglaterra,10/29/2020,1.068,458,38,2.239
148,Sibyl,Imovision,França,7/15/2021,12,11,11,2.066
149,Mangueira em 2 tempos,Arteplex Filmes,Brasil,8/5/2021,15,15,10,2.022
150,Unidas pela esperança,California,Reino Unido,1/14/2021,43,38,6,1.991
151,"Matemático, O",A2 Filmes,Alemanha,9/2/2021,16,16,4,1.958
152,"Labirinto, O",Pandora Filmes,Itália,8/12/2021,25,23,8,1.867
153,"Charlatão, O",A2 Filmes,República Tcheca,7/8/2021,16,14,5,1.805
154,"Maldição do espelho, A",Paris,Rússia,3/12/2020,404,335,50,1.778
155,Ema,Imovision,Chile,8/12/2021,18,18,8,1.776
156,"Bom doutor, O",Pandora Filmes,França,9/9/2021,24,23,5,1.768
157,Jogo do poder,California,França,8/12/2021,7,7,8,1.730
158,Sob as escadas de Paris,A2 Filmes,França,10/14/2021,8,8,4,1.664
159,"Última floresta, A",Gullane Distribuidora,Brasil,9/9/2021,5,5,9,1.621
160,"Silêncio da chuva, O",Elo Studios,Brasil,9/23/2021,20,20,5,1.559
161,Belle époque,Diamond/Galeria,França,12/3/2020,17,17,15,1.552
162,Imperdoável,Imagem,Reino Unido,11/25/2021,23,22,3,1.512
163,Charuto de mel,Imovision,França,11/11/2021,10,9,5,1.488
164,Cabeça de nêgo,Corte Seco Filmes,Brasil,10/21/2021,9,8,5,1.482
165,Irmãos à italiana,Pandora Filmes,Itália,7/22/2021,16,16,5,1.409
166,DNA,Vitrine Filmes,França,9/30/2021,50,41,13,1.402
167,Azor,Vitrine Filmes,Suíça,12/16/2021,14,13,3,1.401
168,Selvagem,Pietá Filmes,Brasil,12/2/2021,10,10,3,1.394
169,Nove dias,Sony,EUA,12/9/2021,10,10,4,1.375
170,Notre Dame,California,França,2/11/2021,53,45,26,1.367
171,"Divã na Tunísia, Um",Imovision,França,3/11/2021,0,0,21,1.360
172,Verão de 85,California,França,6/3/2021,54,45,10,1.348
173,Cavalo,Descoloniza/La Ursa,Brasil,8/12/2021,11,11,7,1.344
174,"Homem ideal, O",Diamond/Galeria,Alemanha,12/23/2021,6,6,2,1.314
175,"Candidata perfeita, A",Imovision,Arábia Saudita,8/26/2021,15,13,9,1.295
176,Andre Matos - O Maestro do Rock,Cinemark,Brasil,10/26/2021,5,3,6,1.282
177,Aranha,Pandora Filmes,Argentina,9/23/2021,17,14,8,1.263
178,Bob Cuspe - Nós não gostamos de gente,Vitrine Filmes,Brasil,11/11/2021,22,19,4,1.257
179,Curupira - O demônio da floresta,O2 Play,Brasil,10/28/2021,12,10,3,1.250
180,Enquanto estivermos juntos,Paris,EUA,11/19/2020,431,343,51,1.228
181,Missão cupido,H2O Films,Brasil,6/10/2021,26,24,2,1.194
182,"Crime em comum, Um",Vitrine Filmes,Argentina,1/14/2021,15,14,5,1.093
183,Alice e o prefeito,Imovision,França,5/27/2021,7,6,13,1.088
184,"Mão de deus, A",O2 Play,Itália,12/2/2021,13,12,5,1.077
185,Nós duas,Imovision,França,12/16/2021,13,11,3,1.043
186,Suk suk - Um amor em segredo,Vitrine Filmes,Hong Kong,9/9/2021,4,4,9,967
187,"Festival do amor, O",Imagem,Espanha,1/6/2022,95,80,0,960
188,John Wick - De volta ao jogo,Paris,EUA/Canadá/China,11/27/2014,249,214,366,947
189,Nunca mais nevará,Imovision,Polônia,8/19/2021,5,5,6,924
190,"Casal inseparável, Um",H2O Films,Brasil,9/9/2021,17,16,2,898
191,"Filho único do meu pai, O",D1 Realizações,Brasil,9/23/2021,6,4,4,878
192,"Parque dos sonhos, O",Paramount,EUA,3/14/2019,561,438,138,871
193,"Jardim secreto de Mariana, O",H2O Films,Brasil,9/30/2021,28,27,5,845
194,Edifício Gagarine,Vitrine Filmes,França,8/26/2021,13,13,5,845
195,Yalda - Uma noite de perdão,Imovision,França,12/9/2021,8,8,4,827
196,Shadow,Playarte,China,8/12/2021,13,11,4,816
197,Minha irmã,A2 Filmes,Suíça,1/28/2021,7,7,5,799
198,"Rei leão, O",Disney,EUA,7/18/2019,2.372,735,111,789
199,Luana Muniz - Filha da lua,Lira Filmes,Brasil,8/12/2021,9,8,4,784
200,Berlin Alexanderplatz,A2 Filmes,Alemanha,2/18/2021,9,9,3,773
201,Skin - À flor da pele,Bretz/MyMamma,EUA,1/7/2021,7,6,9,768
202,Undine,Imovision,Alemanha,12/23/2021,10,10,2,757
203,Mostra de Cinema Japonês 2021,Independente,Japão,12/3/2021,1,1,2,742
204,"Novos Mutantes, Os",Disney,EUA,10/22/2020,686,346,30,734
205,"If I Can't Have Love, I Want Power",Distribuição Própria,EUA,8/28/2021,2,2,1,730
206,Filho-mãe,Imovision,Irã,9/16/2021,6,6,14,725
207,É doce!,Playarte,Alemanha,10/15/2020,146,135,52,716
208,"Hava, Maryam, Ayesha",Imovision,Afeganistão,7/8/2021,5,5,12,713
209,8 Presidentes 1 juramento - A história de um tempo presente,Copacabana,Brasil,11/18/2021,8,8,3,712
210,Curral,Pandora Filmes,Brasil,11/11/2021,12,11,6,705
211,Meu nome é Bagdá,Pagu Pictures,Brasil,9/16/2021,4,4,5,700
212,Aladdin,Disney,EUA,5/23/2019,1.277,688,135,675
213,Hotel Transilvânia 3 - Férias monstruosas,Sony,EUA,7/12/2018,1.210,628,179,663
214,"Empregado e o patrão, O",Vitrine Filmes,Uruguai,8/12/2021,5,5,6,660
215,Seus olhos dizem,Sato Company,Japão,10/14/2021,14,14,2,637
216,"Última noite, A",Paris,Inglaterra,12/23/2021,21,12,2,631
217,Aznavour por Charles,Imovision,França,2/11/2021,6,6,26,630
218,Los lobos,Vitrine Filmes,México,9/16/2021,5,5,7,622
219,Invasão zumbi 2 - Península,Paris,Coréia do Sul,11/26/2020,463,359,12,621
220,"Salafrários, Os",DT/Paris,Brasil,1/14/2021,2,1,1,612
221,De volta para casa,Zeta Filmes,Coréia do Sul,9/9/2021,10,8,8,602
222,Frei Damião - O santo do nordeste,Elo Studios,Brasil,11/4/2021,6,5,2,589
223,First cow - A primeira vaca da América,Vitrine Filmes,EUA,6/10/2021,6,6,11,586
224,Annette,Distribuição Própria,EUA,12/23/2021,6,6,2,583
225,Anna,Imovision,Brasil,7/1/2021,10,10,3,569
226,Alvorada,Vitrine Filmes,Brasil,5/27/2021,14,12,19,565
227,Vento seco,Olhar Distribuição,Brasil,8/5/2021,4,4,3,560
228,Contos do amanhã,Europa,Brasil,12/9/2021,9,9,4,557
229,Chorão - Marginal alado,O2 Play,Brasil,4/8/2021,0,0,23,555
230,Galeria Futuro,H2O Films,Brasil,11/18/2021,20,18,4,554
231,Capitã Marvel,Disney,EUA,3/7/2019,2.305,714,146,549
232,Mais que especiais,California,França,2/25/2021,68,58,24,539
233,"Auto da compadecida, O (2000)",Globo Filmes,Brasil,6/26/2020,1,1,52,536
234,Lá vamos nós,Imovision,Israel,11/4/2021,6,5,2,530
235,Perfil de uma mulher,Zeta Filmes,Japão,1/28/2021,5,5,4,515
236,Que mal eu fiz a Deus? 2,A2 Filmes,França,12/2/2021,7,7,3,512
237,Enquanto houver amor,California,Reino Unido,11/18/2021,6,6,2,508
238,"Império de Pierre Cardin, O",Imovision,EUA,1/14/2021,6,6,36,507
239,Billie Eilish: The World's a Little Blurry,Cinemark,EUA,2/25/2021,30,28,1,506
240,Homem onça,Pandora Filmes,Brasil,8/26/2021,14,14,8,500
241,Apocalypse now - Final cut,Pandora Filmes,EUA,9/10/2020,5,5,49,491
242,Danças negras,Lira Filmes,Brasil,9/9/2021,5,5,7,491
243,Ataque dos cães,O2 Play,Reino Unido,11/18/2021,8,8,2,481
244,Homem-Aranha - Longe de casa,Sony,EUA,7/4/2019,1.926,671,129,475
245,Caros camaradas - Trabalhadores em luta,A2 Filmes,Rússia,7/29/2021,8,7,3,444
246,Dois irmãos - Uma jornada fantástica,Disney,EUA,3/5/2020,1.359,647,62,435
247,"Caso Richard Jewell, O",Warner,EUA,1/2/2020,137,105,63,424
248,Amigas de sorte,DT/Paris,Brasil,3/18/2021,1,1,1,415
249,Corgi - Top dog,Imagem,Bélgica,9/5/2019,512,419,111,411
250,Babenco - Alguém tem que ouvir o coração e dizer: parou,Imovision,Brasil,11/26/2020,49,44,28,402
251,"Noite do fogo, A",Vitrine Filmes,México,11/18/2021,10,10,4,396
252,Slalom - Até o limite,Vitrine Filmes,França,7/22/2021,45,39,14,394
253,Pokémon - Detetive Pikachu,Warner,EUA/ Japão,5/9/2019,1.001,572,136,390
254,Falling - Ainda há tempo,California,Canadá,12/2/2021,9,7,2,387
255,King Kong em Asunción,ArtHouse,Brasil,9/2/2021,13,13,15,386
256,Pacarrete,Vitrine Filmes,Brasil,11/26/2020,30,27,30,383
257,Homem-Aranha no Aranhaverso,Sony,EUA,1/10/2019,1.026,581,153,365
258,10 horas para o natal,DT/Paris,Brasil,12/10/2020,397,279,5,362
259,Nona - Se me molham eu os queimo,Vitrine Filmes,Chile,2/18/2021,10,10,3,360
260,"Mundo de Gloria, O",Imovision,França,2/25/2021,5,5,19,352
261,Pequena garota,Imovision,França,12/24/2020,5,5,8,334
262,"Ilha da fantasia, A",Sony,EUA,9/24/2020,133,99,22,333
263,"Tick, Tick…Boom!",Netflix,EUA,11/11/2021,4,3,1,333
264,Nem tudo se desfaz,Lavra Filmes,Brasil,9/23/2021,2,2,6,333
265,"Freira, A",Warner,EUA,9/6/2018,1.396,677,129,332
266,Annabelle 3 - De volta para casa,Warner,EUA,6/27/2019,1.142,644,87,332
267,Extraordinário,Paris,EUA,12/7/2017,879,539,212,329
268,Doce entardecer na Toscana,Arteplex Filmes,Polônia,3/12/2020,24,23,73,325
269,Fate Stay Night Heavens Feel: III - Spring Song,Cinecolor,Japão,5/6/2021,27,27,1,324
270,Acqua movie,Imovision,Brasil,6/10/2021,7,7,4,319
271,Pedro e Inês,Pandora Filmes,Portugal,7/8/2021,4,4,14,313
272,Ana. Sem Título,Imovision,Brasil,7/29/2021,10,10,2,312
273,"Vez em Veneza, Uma",Zapata Filmes,Itália,11/11/2021,1,1,8,312
274,Quando Hitler roubou o coelho cor-de-rosa,A2 Filmes,Alemanha,2/18/2021,0,0,0,311
275,Por que você não chora?,O2 Play,Brasil,9/9/2021,5,5,3,311
276,Esquadrão na moral,Cineart Filmes,Brasil,12/9/2021,12,10,1,292
277,"Protocolo de Auschwitz, O",A2 Filmes,Alemanha,3/25/2021,0,0,4,291
278,Todos os mortos,Vitrine Filmes,Brasil,12/10/2020,7,5,35,287
279,Cine Marrocos,Bretz Filmes,Brasil,6/3/2021,7,7,5,285
280,Noites de alface,Pipa Produções,Brasil,6/24/2021,13,9,4,284
281,Rogue One - Uma história Star Wars,Disney,EUA,12/15/2016,1.396,615,233,284
282,Chico Ventana também queria ter um submarino,Vitrine Filmes,Brasil,7/8/2021,5,5,5,284
283,M8 - Quando a morte socorre a vida,DT/Paris,Brasil,12/3/2020,106,94,10,283
284,Como cães e gatos 3 - Peludos unidos,Warner,EUA,10/22/2020,309,265,17,278
285,Rodantes,Zeta Filmes,Brasil,7/29/2021,10,10,3,277
286,Nasce uma estrela,Warner,EUA,10/11/2018,553,334,156,270
287,"Nuvem rosa, A",O2 Play,Brasil,8/26/2021,7,6,1,270
288,Shazam!,Warner,EUA,4/4/2019,1.557,666,141,260
289,Bravos valentes,Plural Filmes,Brasil,9/30/2021,2,2,1,258
290,Algum lugar especial,A2 Filmes,Reino Unido,6/17/2021,6,6,5,255
291,Música para quando as luzes se apagam,Art House Movies,Brasil,7/22/2021,11,10,3,233
292,Coringa,Warner,EUA,10/3/2019,1.767,699,90,232
293,Minha mãe é uma peça - O filme,DT/Paris,Brasil,6/21/2013,416,331,437,229
294,Liberté,Zeta Filmes,França,3/12/2020,5,5,48,225
295,Libelu - Abaixo a ditadura,Boulevard Filmes,Brasil,5/13/2021,5,5,4,222
296,Madre,Imovision,Espanha,11/25/2021,6,6,5,222
297,Aquaman,Warner,EUA,12/13/2018,1.840,711,114,220
298,Eternos companheiros,A2 Filmes,China,8/19/2021,7,7,2,220
299,Casulo,Olhar Distribuição,Alemanha,12/9/2021,4,4,2,212
300,Sem ressentimentos,Olhar Distribuição,Alemanha,12/16/2021,4,4,2,211
301,Turma da Mônica - Laços,DT/Paris,Brasil,6/27/2019,743,496,127,209
302,"Animal amarelo, Um",Olhar Distribuição,Brasil,8/26/2021,9,9,3,208
303,"Barqueira, A",Zeta Filmes,Argentina,5/20/2021,7,6,9,206
304,Cravos,Elo Studios,Brasil,11/25/2021,11,11,3,200
305,"Cabana, A",Paris,EUA,4/6/2017,844,482,234,200
306,"Eu estava em casa, mas",Zeta Filmes,Alemanha,6/10/2021,4,4,3,187
307,Luta por justiça,Warner,EUA,2/20/2020,141,110,55,184
308,Mães de verdade,California,Japão,5/13/2021,3,3,3,183
309,Sanctorum,Zeta Filmes,México,10/21/2021,4,4,4,181
310,Valentina,Anagrama Filmes,Brasil,8/19/2021,13,12,1,178
311,Atravessa a vida,Copacabana,Brasil,1/14/2021,6,5,5,175
312,Helen,Elo Studios,Brasil,6/17/2021,10,9,2,172
313,Knives and skin,Zeta Filmes,EUA,7/8/2021,4,4,5,171
314,"Sentido da vida, O",DT/Paris,Brasil,9/23/2021,11,11,2,167
315,Madalena,Vitrine Filmes,Brasil,12/9/2021,4,4,2,162
316,Minha mãe é uma peça 3,DT/Paris,Brasil,12/26/2019,1.957,670,73,161
317,"Brinquedos mágicos, Os",Playarte,China,8/22/2019,295,258,122,161
318,Lamento,Moro Filmes,Brasil,8/26/2021,5,5,2,155
319,"Diabo branco, O",Pandora Filmes,Argentina,8/5/2021,3,3,5,155
320,Amigo Arrigo,Elo Studios,Brasil,11/4/2021,4,4,3,150
321,"Caso Collini, O",A2 Filmes,Alemanha,11/19/2020,14,14,16,150
322,"Direito de viver, O",A2 Filmes,EUA,10/7/2021,2,2,5,148
323,Rumo,Kinoscópio,Brasil,7/1/2021,8,7,4,146
324,"Fio invisível, O",O2 Play,Chile,10/7/2021,6,5,2,142
325,"Buscador, O",O2 Play,Brasil,7/29/2021,6,6,6,138
326,"Outra pele, A",Plural Filmes,Argentina,8/12/2021,1,1,1,135
327,Minhas férias com Patrick,California,França,5/6/2021,41,36,14,133
328,PéPequeno,Warner,EUA,9/27/2018,976,627,125,133
329,Toy Story 4,Disney,EUA,6/20/2019,1.753,687,115,133
330,Mostra ditadura nunca mais,Independente,Brasil,11/8/2021,1,1,3,125
331,Tel Aviv em chamas,Pandora Filmes,Luxemburgo,3/19/2020,0,0,47,119
332,Currais,O2 Play,Brasil,4/1/2021,0,0,26,118
333,"Prazer, camaradas!",Bretz Filmes,Portugal,7/15/2021,2,2,6,116
334,"Chacrinha, eu vim para confundir e não para explicar",Bretz Filmes,Brasil,1/28/2021,2,2,4,115
335,"Família Addams, A",Universal,EUA,10/31/2019,905,585,109,114
336,Callado,Bretz Filmes,Brasil,1/21/2021,3,3,5,113
337,Jumanji - Próxima fase,Sony,EUA,1/16/2020,1.453,649,93,110
338,"Princesa da Yakuza, A",Warner,Brasil,10/7/2021,1,1,1,109
339,SARS-CoV-2 - O tempo da pandemia,Arteplex Filmes,Brasil,11/18/2021,9,9,4,106
340,"Ninho, O",A2 Filmes,Itália,11/11/2021,2,2,1,105
341,Aleluia - O canto infinito do Tincoã,Descoloniza Filmes,Brasil,11/18/2021,1,1,2,101
342,Heróis de fogo,Paris,Rússia,9/16/2021,10,10,2,101
343,"Oficial e o espião, O",California,França,3/12/2020,79,73,74,99
344,Christabel,Pipa Produções,Brasil,2/25/2021,11,11,7,96
345,Sonic - O filme,Paramount,Japão,2/13/2020,1.143,635,53,96
346,Sonhos (1990),Warner,Japão,6/24/2021,1,1,4,95
347,Amor sem medida,DT/Paris,Brasil,11/4/2021,7,7,1,95
348,Meu querido supermercado,Elo Studios,Brasil,11/25/2021,2,2,2,93
349,Dora e a cidade perdida,Paramount,EUA,11/14/2019,653,565,101,93
350,Dora e Gabriel,O2 Play,Brasil,9/23/2021,6,5,4,90
351,"Lobos do leste, Os",Bretz Filmes,Brasil,2/25/2021,2,2,3,89
352,Trolls,Fox,EUA,10/27/2016,1.139,513,226,88
353,Migliaccio - O brasileiro em cena,Bretz Filmes,Brasil,7/8/2021,4,4,3,87
354,Nina,Europa,Brasil,11/18/2021,2,2,1,86
355,AmarAção,Boca a Boca Filmes,Brasil,6/10/2021,9,9,2,84
356,Invocação do mal 2,Warner,EUA,6/9/2016,1.044,573,244,80
357,"Homem ideal?, O (2017)",Fênix Filmes,Espanha,10/3/2019,13,11,115,79
358,Juntos e enrolados,Imagem,Brasil,1/13/2022,497,402,0,77
359,"Melhor juventude, A",Arteplex Filmes,Itália,1/16/2020,5,5,87,76
360,Amores expressos,Distribuição Própria,Hong Kong,12/9/2021,2,2,1,75
361,"Viúvas, As",Fox,EUA,11/29/2018,253,197,138,75
362,"Último jogo, O",Pandora Filmes,Brasil,5/20/2021,4,4,9,75
363,Jovens bruxas - Nova irmandade,Sony,EUA,11/5/2020,427,337,15,72
364,Cicatrizes,Arteplex Filmes,Sérvia,2/13/2020,18,16,54,70
365,Raia 4,Boulevard Filmes,Brasil,5/6/2021,2,2,5,70
366,"Palhaço, deserto, O",Bretz Filmes,Brasil,9/2/2021,2,2,8,70
367,"Faces do demônio, As",Paris,Coréia do Sul,10/8/2020,126,112,19,68
368,Quarto 212,Imovision,França,11/12/2020,8,6,12,68
369,Festival do Rio 2019,Festivais,Brasil,12/9/2019,15,8,80,64
370,Liga da Justiça,Warner,EUA,11/15/2017,1.673,684,171,63
371,Stillwater: Em busca da verdade,Warner,EUA,10/28/2021,3,3,1,62
372,"Cemitério das almas perdidas, O",Elo Studios,Brasil,9/17/2020,1,1,36,62
373,Bonnie e Clyde - Uma rajada de balas (1967),Warner,EUA,11/8/2014,1,1,350,62
374,Sing 2,Universal,EUA,1/6/2022,1.173,624,0,61
375,Limiar,Taturana Mobilização Social,Brasil,8/19/2021,2,2,3,60
376,It: A coisa,Warner,EUA,9/7/2017,1.037,555,179,59
377,E agora mamãe saiu de férias 2... E levou a família,A2 Filmes,Itália,12/9/2021,1,1,1,59
378,Você não é um soldado,Elo Studios,Brasil,9/23/2021,1,1,9,59
379,"Poderoso chefão - Desfecho: A morte de Michael Corleone, O",Paramount,EUA,12/3/2020,20,20,6,59
380,Taís e Taiane,Pandora Filmes,Brasil,10/14/2021,1,1,7,58
381,Zimba,Bretz Filmes,Brasil,9/30/2021,2,2,5,57
382,Delicadeza é azul,Pipa Produções,Brasil,1/14/2021,7,7,2,57
383,It - Capítulo 2,Warner,EUA,9/5/2019,2.112,709,76,56
384,Música para morrer de amor,Vitrine Filmes,Brasil,8/13/2020,3,3,66,56
385,PJ Harvey: Um cão chamado dinheiro,Zeta Filmes,Irlanda,2/25/2021,4,4,2,55
386,"Roubo do século, O",Warner,Argentina,8/27/2020,13,11,29,54
387,"Rua chamada pecado, Uma (1951)",Warner,EUA,2/9/2017,0,0,232,54
388,Alcione - O samba é primo do jazz,Distribuição Própria,Brasil,2/11/2021,1,1,2,52
389,Music (2021),Cinecolor,EUA,5/6/2021,16,16,1,51
390,Truman,Pandora Filmes,Espanha,4/14/2016,43,37,281,48
391,Lamaçal,Elo Studios,Argentina,10/28/2021,2,2,1,47
392,"Ponte de bambu, A",Elo Studios,Brasil,2/11/2021,1,1,4,47
393,Viver para cantar,Arteplex Filmes,China,10/8/2020,5,5,39,47
394,Alice Guy-Blaché - A história não contada da primeira cineasta do mundo,Arteplex Filmes,EUA,10/29/2020,14,14,34,46
395,Três realizadoras portuguesas,Bretz Filmes,Portugal,5/20/2021,2,2,2,45
396,A quem interessa a ignorância?,O2 Play,Brasil,6/3/2021,2,2,1,45
397,Aos olhos de Ernesto,Elo Studios,Brasil,9/17/2020,2,2,44,43
398,"Bela e a Fera, A (2017)",Disney,EUA,3/16/2017,1.399,608,227,42
399,Portuñol,Lança Filmes,Brasil,6/3/2021,1,1,3,41
400,Depois de horas (1985),Warner,EUA,8/20/2020,1,1,48,39
401,Aves de rapina - Arlequina e sua emancipação fantabulosa,Warner,EUA,2/6/2020,1.614,701,54,39
402,Adoráveis mulheres,Sony,EUA,1/9/2020,225,159,56,38
403,Virando a mesa,DT/Paris,Brasil,9/16/2021,5,4,1,37
404,Nelson Freire,Videofilmes,Brasil,5/1/2003,0,0,0,37
405,"Confeiteiro, O",Imovision,Alemanha,12/27/2018,17,16,147,37
406,Mulher-Maravilha,Warner,EUA,6/1/2017,1.339,601,237,37
407,Intervenção,DT/Paris,Brasil,9/2/2021,0,0,0,37
408,"Torre, A",Vitrine Filmes,Brasil,4/29/2021,3,3,2,37
409,Lara,Imovision,Alemanha,12/30/2021,4,4,1,35
410,Mulher oceano,Elo Studios,Brasil,11/26/2020,8,7,8,35
411,Desvio,Vitrine Filmes,Brasil,4/29/2021,3,3,5,34
412,Soldado estrangeiro,Bretz Filmes,Brasil,12/3/2020,10,10,6,34
413,"Demônio das onze horas, O",Filmes do Estação,França,6/28/2002,0,0,0,34
414,Diários de intercâmbio,DT/Paris,Brasil,7/29/2021,0,0,0,34
415,Terremoto,California,Noruega,3/12/2020,352,307,47,32
416,"Novelo, O",O2 Play,Brasil,11/25/2021,2,2,2,32
417,"Sal da Terra, O",Imovision,Brasil/Itália/França,3/26/2015,43,39,338,31
418,"Entre nós, um segredo",Vitrine Filmes,Brasil,4/29/2021,3,3,2,31
419,Para minha amada morta,Vitrine Filmes,Brasil,3/31/2016,26,22,295,30
420,Encantado (2018),Imagem,Canadá/ EUA,12/6/2018,602,480,130,30
421,Sertânia,Bretz Filmes,Brasil,12/3/2020,5,5,37,29
422,"Outra história americana, A (1998)",Warner,EUA,7/1/2021,2,1,2,28
423,Nheengatu - O filme,Pandora Filmes,Brasil,12/2/2021,1,1,2,28
424,Acossado,Zeta Filmes,França,2/8/2018,0,0,176,28
425,"Dia com Jerusa, Um",Distribuição Própria,Brasil,11/5/2020,0,0,38,27
426,Gagarine (Festival Varilux 2020),Vitrine Filmes,França,11/19/2020,32,31,13,26
427,Querencia,Vitrine Filmes,Brasil,12/17/2020,5,5,5,26
428,Como treinar o seu dragão 3,Universal,EUA,1/17/2019,1.087,650,108,26
429,Adam,Arteplex Filmes,França,11/14/2019,16,15,105,25
430,Lua azul,Distribuição Própria,Romênia,10/21/2021,0,0,0,25
431,DAU. Natasha,Imovision,Alemanha,10/7/2021,1,1,1,25
432,Proibido nascer no paraíso,Boulevard Filmes,Brasil,4/15/2021,0,0,8,24
433,Chão,Vitrine Filmes,Brasil,4/29/2021,3,3,5,23
434,Legado Italiano,Lança Filmes,Brasil,11/12/2020,2,2,30,23
435,Boa noite,Bretz Filmes,Brasil,5/13/2021,2,2,2,23
436,The square - A arte da discórdia,Pandora Filmes,Suécia/ Alemanha/ Noruega/ França,1/4/2018,32,30,191,22
437,Roda do destino,Pandora Filmes,Japão,1/6/2022,16,15,0,22
438,Sr. Kaplan,Pandora Filmes,Uruguai /Espanha /Alemanha,2/26/2015,17,15,338,22
439,New life S.A.,Pandora Filmes,Brasil,12/3/2020,20,20,12,22
440,Eu sou Carlos Imperial,Bretz/ Videofilmes,Brasil,3/17/2016,3,2,257,22
441,Nazinha - Olhai por nós,Boulevard Filmes,Brasil,4/29/2021,1,1,2,21
442,"Barco, O",Sereia Filmes,Brasil,11/5/2020,2,2,9,21
443,Francofonia - Louvre sob ocupação,Imovision,França/Alemanha,8/18/2016,18,17,274,21
444,Coração errante,Elo Studios,Brasil,8/19/2021,1,1,1,20
445,Loop,Elo Studios,Brasil,5/20/2021,1,1,2,20
446,"Farol, O",Vitrine Filmes,Canadá,1/2/2020,31,28,97,20
447,Zaz - An exclusive concert at the cinema,Independente,França,11/25/2021,5,5,1,20
448,"Siron, tempo sobre tela",Pandora Filmes,Brasil,5/6/2021,2,2,2,19
449,Caminhos perigosos (1973),Warner,EUA,7/1/2021,1,1,2,19
450,"Apartamento, O",Pandora Filmes,Irã,1/5/2017,23,23,240,18
451,Cyrano,Universal,EUA,12/16/2021,1,1,1,18
452,Greta,Pandora Filmes,Brasil,10/10/2019,18,17,98,18
453,Monsieur & Madame Adelman,Imovision,França,7/20/2017,29,24,224,18
454,Cora,Pandora Filmes,Brasil,12/23/2021,1,1,2,18
455,Super Bowl 2021,Distribuição Própria,EUA,2/7/2021,1,1,1,17
456,Wild - Rede selvagem,Bretz Filmes,Brasil,12/2/2021,2,2,1,16
457,Em pedaços,Imovision,Alemanha/ França,3/15/2018,23,22,187,16
458,Júpiter,Elite Filmes,Brasil,10/28/2021,1,1,2,15
459,"Minha fortaleza, os filhos de fulano",Distribuição Própria,Brasil,2/25/2021,1,1,2,15
460,"8 magníficos, Os",Forte Filmes,Brasil,12/10/2020,9,4,5,14
461,Em nome do pai (1993),Distribuição Própria,EUA,8/5/2021,1,1,1,14
462,"Garotos perdidos, Os (1987)",Warner,EUA,7/22/2021,1,1,1,14
463,Festa (1989),Distribuição Própria,Brasil,7/29/2021,1,1,1,14
464,"Capital no século XXI, O (Festival Varilux 2020)",Bretz/MyMamma,França,11/19/2020,43,41,10,13
465,"Mulher da luz própria, A",Mercúrio Produções,Brasil,4/8/2021,1,1,2,13
466,"Dia depois, O",Pandora Filmes,Coréia do Sul,4/12/2018,7,6,174,13
467,Amor fati,Bretz Filmes,Portugal,12/16/2021,1,1,1,13
468,Três faces,Imovision,Irã,4/4/2019,8,6,136,12
469,"Santiago, Itália",Pandora Filmes,Itália/ França,6/20/2019,5,5,113,12
470,Quem pode jogar?,Distribuição Própria,Brasil,2/11/2021,1,1,2,12
471,Tito e os pássaros,Elo Studios,Brasil,2/14/2019,38,35,139,12
472,Sobradinho,Distribuição Própria,Brasil,12/24/2020,1,1,2,12
473,Scooby Doo,Warner,,10/4/2002,0,0,0,12
474,"Sonâmbulos, Os",Embaúba Filmes,Brasil,12/10/2020,2,2,6,12
475,Alice Júnior,Olhar Distribuição,Brasil,9/10/2020,2,2,21,11
476,"Insulto, O",Imovision,França/ Líbano,2/8/2018,12,12,194,11
477,"Outro lado da memória, O",Elo Studios,Brasil,9/16/2021,1,1,1,11
478,Eu não sou seu negro,Imovision,EUA/ França,2/16/2017,25,18,240,11
479,Terapia do medo,DT/Paris,Brasil,12/17/2020,3,2,7,10
480,Paraíso,Mares Filmes,Rússia,1/26/2017,14,14,252,10
481,"Pergaminho Vermelho, O",Vitrine Filmes,Brasil,8/5/2021,1,1,2,10
482,L.O.C.A.,Imagem,Brasil,7/29/2021,0,0,0,10
483,Show,Distribuição Própria,,1/1/2012,0,0,509,10
484,Varda por Agnès,Imovision,França,5/9/2019,14,12,133,9
485,Encontros (2019),Imovision,França,10/3/2019,12,11,115,9
486,No táxi do Jack,Bretz Filmes,Portugal,12/16/2021,1,1,1,9
487,"Noite em sampa, Uma",02 Play,Brasil,5/26/2016,11,10,271,8
488,"Goonies, Os (1985)",Warner,EUA,7/30/2020,1,1,52,8
489,Pets - A vida secreta dos bichos 2,Universal,EUA,6/27/2019,1.181,676,86,8
490,Hermanoteu na terra de Godah - O filme,Warner,Brasil,12/9/2021,1,1,1,8
491,Afterimage,Imovision,Polônia,8/17/2017,19,18,224,7
492,Aprendiz de espiã,Diamond,EUA,3/12/2020,249,219,45,7
493,Jogo duro (1985),Distribuição Própria,Brasil,7/29/2021,1,1,1,7
494,Solo,Espaço Filmes,Brasil,5/21/2010,1,1,585,7
495,Garoto Cósmico,Downtown,Brasil,1/11/2008,28,28,718,7
496,Apagar o histórico (Festival Varilux 2020),Bonfilm,França,11/19/2020,49,47,9,6
497,Alice não mora mais aqui (1974),Warner,EUA,6/24/2021,1,1,1,6
498,"Mulher fantástica, Uma",Imovision,Chile,9/7/2017,23,23,212,6
499,"Melhor está por vir, O (2019)",Paris,França,3/5/2020,60,46,53,6
500,"Herdeiras, As",Imovision,Paraguai,8/30/2018,23,20,162,6
501,Boleiros - Era uma vez o futebol (1998),SP Filmes,Brasil,7/29/2021,1,1,1,6
502,Maria Luiza,Olhar Distribuição,Brasil,11/19/2020,3,3,11,5
503,Boleiros 2 - Vencedores e vencidos,Mais Filmes,Brasil,4/7/2006,0,0,0,5
504,Superman - O filme (1978),Warner,EUA,7/22/2021,1,1,1,5
505,Donas da bola (Festival Varilux 2020),Bonfilm,França,11/19/2020,31,30,10,5
506,Sou Francês e Preto (Festival Varilux 2020),Bonfilm,França,11/20/2020,42,41,10,4
507,Paredes nuas (2009),Distribuição Própria,Brasil,7/29/2021,1,1,1,4
508,Cara ou coroa,Vinny Filmes,Brasil,9/7/2012,12,12,465,4
509,Superman II - A aventura continua (1980),Warner,Inglaterra,7/22/2021,1,1,1,4
510,Como ela faz?,Distribuição Própria,Brasil,3/4/2021,1,1,1,4
511,Magnum 44 (1973),Warner,EUA,6/24/2021,1,1,1,3
512,Quebrando a cara (1980),Embrafilme,Brasil,7/29/2021,1,1,1,3
513,Meu primo (Festival Varilux 2020),Bonfilm,França,11/19/2020,43,42,10,3
514,"Infiltrados, Os (2006)",Warner,EUA,11/10/2006,0,0,0,3
515,"Príncipe, O (2002)",Mais Filmes,Brasil,8/9/2002,0,0,0,3
516,Máquina mortífera (1987),Warner,EUA,7/22/2021,1,1,1,3
517,"Pantanal, a boa inocência de nossas origens",Elo Studios,Brasil,3/4/2021,1,1,1,3
518,"Mundo perfeito, Um (1993)",Warner,EUA,6/24/2021,1,1,1,2
519,Magnatas do crime,Paris,EUA,9/10/2020,43,41,29,2
520,Minha vida em Marte,DT/Paris,Brasil,12/27/2018,933,539,125,2
521,Persona non grata (Festival Varilux 2020),Bretz/MyMamma,França,11/20/2020,19,18,10,2
522,Aquarius,Vitrine Filmes,Brasil,9/1/2016,103,90,275,2
523,Maus hábitos (1983),Pandora Filmes,Espanha,2/12/1999,0,0,0,2
524,"Garota da pulseira, A (Festival Varilux 2020)",Pagu Pictures,França,12/1/2020,46,45,8,2
525,Abigail e a cidade proibida (2019),Playarte,Rússia,9/12/2019,269,232,80,2
526,"Segredo dos diamantes, O",Espaço Filmes,Brasil,12/18/2014,18,17,356,2
527,Dogman (2018),Arteplex Filmes,Itália/ França,2/21/2019,0,0,144,1
528,"Mula, A",Warner,EUA,2/14/2019,99,94,124,1
529,Paul Singer - Uma utopia militante,Distribuição Própria,Brasil,7/29/2021,1,1,1,1
530,"Domingo qualquer, Um (1999)",Warner,EUA,7/22/2021,1,1,1,1
531,Godzilla II - Rei dos monstros,Warner,EUA,5/30/2019,1.092,602,102,0
532,Minha mãe é uma peça 2,DT/Paris,Brasil,12/22/2016,1.237,620,230,0
533,"Autópsia, A",Diamond,Reino Unido/ EUA,5/4/2017,263,223,204,0
534,Belfast,Universal,Reino Unido,3/10/2022,120,94,0,0
535,"Homem do Rio, O",Festival Varilux 2015,França,6/9/2015,0,0,340,0
536,Malévola - Dona do mal,Disney,EUA,10/17/2019,1.499,668,105,0
537,"Famosa invasão dos Ursos na Sicília, A (Festival Varilux 2020)",Bonfilm,França,11/21/2020,21,20,9,0
538,12 heróis,Diamond,EUA,3/15/2018,94,87,161,0
539,1917,Universal,EUA,1/23/2020,391,284,74,0
540,2,Elo Studios,Brasil,10/29/2020,2,2,24,0
541,Z - A cidade perdida,Imagem,EUA,6/1/2017,140,127,201,0
542,40 dias - O milagre da vida,Imagem,EUA,10/15/2020,180,157,28,0
,,,,,,,,53.153.868
